MV1D1002400	test_data/raw_data_pop2G/MV1D1002400_R?.fastq.gz
MV1D1002896	test_data/raw_data_pop2G/MV1D1002896_R?.fastq.gz
MV1D1010881	test_data/raw_data_pop2G/MV1D1010881_R?.fastq.gz
MV1D1011883	test_data/raw_data_pop2G/MV1D1011883_R?.fastq.gz
MV1D1012466	test_data/raw_data_pop2G/MV1D1012466_R?.fastq.gz
MV1D1013875	test_data/raw_data_pop2G/MV1D1013875_R?.fastq.gz
MV1D1015668	test_data/raw_data_pop2G/MV1D1015668_R?.fastq.gz
MV1D1017399	test_data/raw_data_pop2G/MV1D1017399_R?.fastq.gz
MV1D1017473	test_data/raw_data_pop2G/MV1D1017473_R?.fastq.gz
MV1D1025744	test_data/raw_data_pop2G/MV1D1025744_R?.fastq.gz
MV1D1026550	test_data/raw_data_pop2G/MV1D1026550_R?.fastq.gz
MV1D1027006	test_data/raw_data_pop2G/MV1D1027006_R?.fastq.gz
MV1D1028595	test_data/raw_data_pop2G/MV1D1028595_R?.fastq.gz
MV1D1029652	test_data/raw_data_pop2G/MV1D1029652_R?.fastq.gz
MV1D1031004	test_data/raw_data_pop2G/MV1D1031004_R?.fastq.gz
MV1D1031265	test_data/raw_data_pop2G/MV1D1031265_R?.fastq.gz
MV1D1034274	test_data/raw_data_pop2G/MV1D1034274_R?.fastq.gz
MV1D1035128	test_data/raw_data_pop2G/MV1D1035128_R?.fastq.gz
MV1D1038967	test_data/raw_data_pop2G/MV1D1038967_R?.fastq.gz
MV1D1043379	test_data/raw_data_pop2G/MV1D1043379_R?.fastq.gz
MV1D1050918	test_data/raw_data_pop2G/MV1D1050918_R?.fastq.gz
MV1D1055068	test_data/raw_data_pop2G/MV1D1055068_R?.fastq.gz
MV1D1055797	test_data/raw_data_pop2G/MV1D1055797_R?.fastq.gz
MV1D1057550	test_data/raw_data_pop2G/MV1D1057550_R?.fastq.gz
MV1D1058059	test_data/raw_data_pop2G/MV1D1058059_R?.fastq.gz
MV1D1062738	test_data/raw_data_pop2G/MV1D1062738_R?.fastq.gz
MV1D1064920	test_data/raw_data_pop2G/MV1D1064920_R?.fastq.gz
MV1D1067892	test_data/raw_data_pop2G/MV1D1067892_R?.fastq.gz
MV1D1069327	test_data/raw_data_pop2G/MV1D1069327_R?.fastq.gz
MV1D1073798	test_data/raw_data_pop2G/MV1D1073798_R?.fastq.gz
MV1D1078627	test_data/raw_data_pop2G/MV1D1078627_R?.fastq.gz
MV1D1080263	test_data/raw_data_pop2G/MV1D1080263_R?.fastq.gz
MV1D1080737	test_data/raw_data_pop2G/MV1D1080737_R?.fastq.gz
MV1D1081740	test_data/raw_data_pop2G/MV1D1081740_R?.fastq.gz
MV1D1082239	test_data/raw_data_pop2G/MV1D1082239_R?.fastq.gz
MV1D1083262	test_data/raw_data_pop2G/MV1D1083262_R?.fastq.gz
MV1D1086981	test_data/raw_data_pop2G/MV1D1086981_R?.fastq.gz
MV1D1087322	test_data/raw_data_pop2G/MV1D1087322_R?.fastq.gz
MV1D1089539	test_data/raw_data_pop2G/MV1D1089539_R?.fastq.gz
MV1D1089821	test_data/raw_data_pop2G/MV1D1089821_R?.fastq.gz
MV1D1091067	test_data/raw_data_pop2G/MV1D1091067_R?.fastq.gz
MV1D1093079	test_data/raw_data_pop2G/MV1D1093079_R?.fastq.gz
MV1D1095301	test_data/raw_data_pop2G/MV1D1095301_R?.fastq.gz
MV1D1095627	test_data/raw_data_pop2G/MV1D1095627_R?.fastq.gz
MV1D1095666	test_data/raw_data_pop2G/MV1D1095666_R?.fastq.gz
MV1D1096664	test_data/raw_data_pop2G/MV1D1096664_R?.fastq.gz
MV1D1098962	test_data/raw_data_pop2G/MV1D1098962_R?.fastq.gz
MV1D1099159	test_data/raw_data_pop2G/MV1D1099159_R?.fastq.gz
MV1D1100736	test_data/raw_data_pop2G/MV1D1100736_R?.fastq.gz
MV1D1104825	test_data/raw_data_pop2G/MV1D1104825_R?.fastq.gz
MV1D1111360	test_data/raw_data_pop2G/MV1D1111360_R?.fastq.gz
MV1D1111673	test_data/raw_data_pop2G/MV1D1111673_R?.fastq.gz
MV1D1114487	test_data/raw_data_pop2G/MV1D1114487_R?.fastq.gz
MV1D1115518	test_data/raw_data_pop2G/MV1D1115518_R?.fastq.gz
MV1D1118498	test_data/raw_data_pop2G/MV1D1118498_R?.fastq.gz
MV1D1120538	test_data/raw_data_pop2G/MV1D1120538_R?.fastq.gz
MV1D1126356	test_data/raw_data_pop2G/MV1D1126356_R?.fastq.gz
MV1D1130073	test_data/raw_data_pop2G/MV1D1130073_R?.fastq.gz
MV1D1131081	test_data/raw_data_pop2G/MV1D1131081_R?.fastq.gz
MV1D1132098	test_data/raw_data_pop2G/MV1D1132098_R?.fastq.gz
MV1D1132115	test_data/raw_data_pop2G/MV1D1132115_R?.fastq.gz
MV1D1134642	test_data/raw_data_pop2G/MV1D1134642_R?.fastq.gz
MV1D1136676	test_data/raw_data_pop2G/MV1D1136676_R?.fastq.gz
MV1D1139511	test_data/raw_data_pop2G/MV1D1139511_R?.fastq.gz
MV1D1140960	test_data/raw_data_pop2G/MV1D1140960_R?.fastq.gz
MV1D1141320	test_data/raw_data_pop2G/MV1D1141320_R?.fastq.gz
MV1D1142674	test_data/raw_data_pop2G/MV1D1142674_R?.fastq.gz
MV1D1142829	test_data/raw_data_pop2G/MV1D1142829_R?.fastq.gz
MV1D1148723	test_data/raw_data_pop2G/MV1D1148723_R?.fastq.gz
MV1D1150151	test_data/raw_data_pop2G/MV1D1150151_R?.fastq.gz
MV1D1150387	test_data/raw_data_pop2G/MV1D1150387_R?.fastq.gz
MV1D1157175	test_data/raw_data_pop2G/MV1D1157175_R?.fastq.gz
MV1D1159630	test_data/raw_data_pop2G/MV1D1159630_R?.fastq.gz
MV1D1160402	test_data/raw_data_pop2G/MV1D1160402_R?.fastq.gz
MV1D1160497	test_data/raw_data_pop2G/MV1D1160497_R?.fastq.gz
MV1D1160595	test_data/raw_data_pop2G/MV1D1160595_R?.fastq.gz
MV1D1166239	test_data/raw_data_pop2G/MV1D1166239_R?.fastq.gz
MV1D1168264	test_data/raw_data_pop2G/MV1D1168264_R?.fastq.gz
MV1D1170858	test_data/raw_data_pop2G/MV1D1170858_R?.fastq.gz
MV1D1170949	test_data/raw_data_pop2G/MV1D1170949_R?.fastq.gz
MV1D1171551	test_data/raw_data_pop2G/MV1D1171551_R?.fastq.gz
MV1D1172042	test_data/raw_data_pop2G/MV1D1172042_R?.fastq.gz
MV1D1172780	test_data/raw_data_pop2G/MV1D1172780_R?.fastq.gz
MV1D1173141	test_data/raw_data_pop2G/MV1D1173141_R?.fastq.gz
MV1D1175646	test_data/raw_data_pop2G/MV1D1175646_R?.fastq.gz
MV1D1178192	test_data/raw_data_pop2G/MV1D1178192_R?.fastq.gz
MV1D1178397	test_data/raw_data_pop2G/MV1D1178397_R?.fastq.gz
MV1D1179081	test_data/raw_data_pop2G/MV1D1179081_R?.fastq.gz
MV1D1179434	test_data/raw_data_pop2G/MV1D1179434_R?.fastq.gz
MV1D1182001	test_data/raw_data_pop2G/MV1D1182001_R?.fastq.gz
MV1D1182728	test_data/raw_data_pop2G/MV1D1182728_R?.fastq.gz
MV1D1185045	test_data/raw_data_pop2G/MV1D1185045_R?.fastq.gz
MV1D1189647	test_data/raw_data_pop2G/MV1D1189647_R?.fastq.gz
MV1D1191359	test_data/raw_data_pop2G/MV1D1191359_R?.fastq.gz
MV1D1193722	test_data/raw_data_pop2G/MV1D1193722_R?.fastq.gz
MV1D1195279	test_data/raw_data_pop2G/MV1D1195279_R?.fastq.gz
MV1D1196318	test_data/raw_data_pop2G/MV1D1196318_R?.fastq.gz
MV1D1203346	test_data/raw_data_pop2G/MV1D1203346_R?.fastq.gz
MV1D1209344	test_data/raw_data_pop2G/MV1D1209344_R?.fastq.gz
MV1D1210888	test_data/raw_data_pop2G/MV1D1210888_R?.fastq.gz
MV1D1210920	test_data/raw_data_pop2G/MV1D1210920_R?.fastq.gz
MV1D1212175	test_data/raw_data_pop2G/MV1D1212175_R?.fastq.gz
MV1D1212393	test_data/raw_data_pop2G/MV1D1212393_R?.fastq.gz
MV1D1219955	test_data/raw_data_pop2G/MV1D1219955_R?.fastq.gz
MV1D1219997	test_data/raw_data_pop2G/MV1D1219997_R?.fastq.gz
MV1D1220404	test_data/raw_data_pop2G/MV1D1220404_R?.fastq.gz
MV1D1222087	test_data/raw_data_pop2G/MV1D1222087_R?.fastq.gz
MV1D1223183	test_data/raw_data_pop2G/MV1D1223183_R?.fastq.gz
MV1D1224201	test_data/raw_data_pop2G/MV1D1224201_R?.fastq.gz
MV1D1226540	test_data/raw_data_pop2G/MV1D1226540_R?.fastq.gz
MV1D1227991	test_data/raw_data_pop2G/MV1D1227991_R?.fastq.gz
MV1D1232778	test_data/raw_data_pop2G/MV1D1232778_R?.fastq.gz
MV1D1238258	test_data/raw_data_pop2G/MV1D1238258_R?.fastq.gz
MV1D1239923	test_data/raw_data_pop2G/MV1D1239923_R?.fastq.gz
MV1D1243772	test_data/raw_data_pop2G/MV1D1243772_R?.fastq.gz
MV1D1247757	test_data/raw_data_pop2G/MV1D1247757_R?.fastq.gz
MV1D1250415	test_data/raw_data_pop2G/MV1D1250415_R?.fastq.gz
MV1D1251052	test_data/raw_data_pop2G/MV1D1251052_R?.fastq.gz
MV1D1254913	test_data/raw_data_pop2G/MV1D1254913_R?.fastq.gz
MV1D1258043	test_data/raw_data_pop2G/MV1D1258043_R?.fastq.gz
MV1D1262240	test_data/raw_data_pop2G/MV1D1262240_R?.fastq.gz
MV1D1264148	test_data/raw_data_pop2G/MV1D1264148_R?.fastq.gz
MV1D1264257	test_data/raw_data_pop2G/MV1D1264257_R?.fastq.gz
MV1D1271033	test_data/raw_data_pop2G/MV1D1271033_R?.fastq.gz
MV1D1273558	test_data/raw_data_pop2G/MV1D1273558_R?.fastq.gz
MV1D1274265	test_data/raw_data_pop2G/MV1D1274265_R?.fastq.gz
MV1D1275200	test_data/raw_data_pop2G/MV1D1275200_R?.fastq.gz
MV1D1275780	test_data/raw_data_pop2G/MV1D1275780_R?.fastq.gz
MV1D1281444	test_data/raw_data_pop2G/MV1D1281444_R?.fastq.gz
MV1D1284542	test_data/raw_data_pop2G/MV1D1284542_R?.fastq.gz
MV1D1286634	test_data/raw_data_pop2G/MV1D1286634_R?.fastq.gz
MV1D1287256	test_data/raw_data_pop2G/MV1D1287256_R?.fastq.gz
MV1D1287693	test_data/raw_data_pop2G/MV1D1287693_R?.fastq.gz
MV1D1289192	test_data/raw_data_pop2G/MV1D1289192_R?.fastq.gz
MV1D1290301	test_data/raw_data_pop2G/MV1D1290301_R?.fastq.gz
MV1D1291338	test_data/raw_data_pop2G/MV1D1291338_R?.fastq.gz
MV1D1294136	test_data/raw_data_pop2G/MV1D1294136_R?.fastq.gz
MV1D1299015	test_data/raw_data_pop2G/MV1D1299015_R?.fastq.gz
MV1D1304832	test_data/raw_data_pop2G/MV1D1304832_R?.fastq.gz
MV1D1305329	test_data/raw_data_pop2G/MV1D1305329_R?.fastq.gz
MV1D1312815	test_data/raw_data_pop2G/MV1D1312815_R?.fastq.gz
MV1D1312907	test_data/raw_data_pop2G/MV1D1312907_R?.fastq.gz
MV1D1313706	test_data/raw_data_pop2G/MV1D1313706_R?.fastq.gz
MV1D1321775	test_data/raw_data_pop2G/MV1D1321775_R?.fastq.gz
MV1D1325160	test_data/raw_data_pop2G/MV1D1325160_R?.fastq.gz
MV1D1331778	test_data/raw_data_pop2G/MV1D1331778_R?.fastq.gz
MV1D1333708	test_data/raw_data_pop2G/MV1D1333708_R?.fastq.gz
MV1D1339007	test_data/raw_data_pop2G/MV1D1339007_R?.fastq.gz
MV1D1343311	test_data/raw_data_pop2G/MV1D1343311_R?.fastq.gz
MV1D1344877	test_data/raw_data_pop2G/MV1D1344877_R?.fastq.gz
MV1D1345742	test_data/raw_data_pop2G/MV1D1345742_R?.fastq.gz
MV1D1346756	test_data/raw_data_pop2G/MV1D1346756_R?.fastq.gz
MV1D1349432	test_data/raw_data_pop2G/MV1D1349432_R?.fastq.gz
MV1D1351480	test_data/raw_data_pop2G/MV1D1351480_R?.fastq.gz
MV1D1352087	test_data/raw_data_pop2G/MV1D1352087_R?.fastq.gz
MV1D1352880	test_data/raw_data_pop2G/MV1D1352880_R?.fastq.gz
MV1D1353785	test_data/raw_data_pop2G/MV1D1353785_R?.fastq.gz
MV1D1359351	test_data/raw_data_pop2G/MV1D1359351_R?.fastq.gz
MV1D1363943	test_data/raw_data_pop2G/MV1D1363943_R?.fastq.gz
MV1D1365056	test_data/raw_data_pop2G/MV1D1365056_R?.fastq.gz
MV1D1366407	test_data/raw_data_pop2G/MV1D1366407_R?.fastq.gz
MV1D1367442	test_data/raw_data_pop2G/MV1D1367442_R?.fastq.gz
MV1D1375920	test_data/raw_data_pop2G/MV1D1375920_R?.fastq.gz
MV1D1377189	test_data/raw_data_pop2G/MV1D1377189_R?.fastq.gz
MV1D1387140	test_data/raw_data_pop2G/MV1D1387140_R?.fastq.gz
MV1D1388146	test_data/raw_data_pop2G/MV1D1388146_R?.fastq.gz
MV1D1389660	test_data/raw_data_pop2G/MV1D1389660_R?.fastq.gz
MV1D1389932	test_data/raw_data_pop2G/MV1D1389932_R?.fastq.gz
MV1D1390934	test_data/raw_data_pop2G/MV1D1390934_R?.fastq.gz
MV1D1394597	test_data/raw_data_pop2G/MV1D1394597_R?.fastq.gz
MV1D1396038	test_data/raw_data_pop2G/MV1D1396038_R?.fastq.gz
MV1D1401930	test_data/raw_data_pop2G/MV1D1401930_R?.fastq.gz
MV1D1402728	test_data/raw_data_pop2G/MV1D1402728_R?.fastq.gz
MV1D1403536	test_data/raw_data_pop2G/MV1D1403536_R?.fastq.gz
MV1D1404785	test_data/raw_data_pop2G/MV1D1404785_R?.fastq.gz
MV1D1409156	test_data/raw_data_pop2G/MV1D1409156_R?.fastq.gz
MV1D1409332	test_data/raw_data_pop2G/MV1D1409332_R?.fastq.gz
MV1D1411297	test_data/raw_data_pop2G/MV1D1411297_R?.fastq.gz
MV1D1413461	test_data/raw_data_pop2G/MV1D1413461_R?.fastq.gz
MV1D1414311	test_data/raw_data_pop2G/MV1D1414311_R?.fastq.gz
MV1D1417737	test_data/raw_data_pop2G/MV1D1417737_R?.fastq.gz
MV1D1422119	test_data/raw_data_pop2G/MV1D1422119_R?.fastq.gz
MV1D1425284	test_data/raw_data_pop2G/MV1D1425284_R?.fastq.gz
MV1D1425399	test_data/raw_data_pop2G/MV1D1425399_R?.fastq.gz
MV1D1433056	test_data/raw_data_pop2G/MV1D1433056_R?.fastq.gz
MV1D1435641	test_data/raw_data_pop2G/MV1D1435641_R?.fastq.gz
MV1D1436358	test_data/raw_data_pop2G/MV1D1436358_R?.fastq.gz
MV1D1437882	test_data/raw_data_pop2G/MV1D1437882_R?.fastq.gz
MV1D1438168	test_data/raw_data_pop2G/MV1D1438168_R?.fastq.gz
MV1D1439094	test_data/raw_data_pop2G/MV1D1439094_R?.fastq.gz
MV1D1449376	test_data/raw_data_pop2G/MV1D1449376_R?.fastq.gz
MV1D1450316	test_data/raw_data_pop2G/MV1D1450316_R?.fastq.gz
MV1D1450692	test_data/raw_data_pop2G/MV1D1450692_R?.fastq.gz
MV1D1455767	test_data/raw_data_pop2G/MV1D1455767_R?.fastq.gz
MV1D1455804	test_data/raw_data_pop2G/MV1D1455804_R?.fastq.gz
MV1D1458420	test_data/raw_data_pop2G/MV1D1458420_R?.fastq.gz
MV1D1459016	test_data/raw_data_pop2G/MV1D1459016_R?.fastq.gz
MV1D1460083	test_data/raw_data_pop2G/MV1D1460083_R?.fastq.gz
MV1D1462172	test_data/raw_data_pop2G/MV1D1462172_R?.fastq.gz
MV1D1463973	test_data/raw_data_pop2G/MV1D1463973_R?.fastq.gz
MV1D1471472	test_data/raw_data_pop2G/MV1D1471472_R?.fastq.gz
MV1D1475808	test_data/raw_data_pop2G/MV1D1475808_R?.fastq.gz
MV1D1477939	test_data/raw_data_pop2G/MV1D1477939_R?.fastq.gz
MV1D1478008	test_data/raw_data_pop2G/MV1D1478008_R?.fastq.gz
MV1D1479752	test_data/raw_data_pop2G/MV1D1479752_R?.fastq.gz
MV1D1481661	test_data/raw_data_pop2G/MV1D1481661_R?.fastq.gz
MV1D1486499	test_data/raw_data_pop2G/MV1D1486499_R?.fastq.gz
MV1D1487644	test_data/raw_data_pop2G/MV1D1487644_R?.fastq.gz
MV1D1491605	test_data/raw_data_pop2G/MV1D1491605_R?.fastq.gz
MV1D1495080	test_data/raw_data_pop2G/MV1D1495080_R?.fastq.gz
MV1D1496855	test_data/raw_data_pop2G/MV1D1496855_R?.fastq.gz
MV1D1498343	test_data/raw_data_pop2G/MV1D1498343_R?.fastq.gz
MV1D1501684	test_data/raw_data_pop2G/MV1D1501684_R?.fastq.gz
MV1D1503732	test_data/raw_data_pop2G/MV1D1503732_R?.fastq.gz
MV1D1506077	test_data/raw_data_pop2G/MV1D1506077_R?.fastq.gz
MV1D1508935	test_data/raw_data_pop2G/MV1D1508935_R?.fastq.gz
MV1D1510482	test_data/raw_data_pop2G/MV1D1510482_R?.fastq.gz
MV1D1510612	test_data/raw_data_pop2G/MV1D1510612_R?.fastq.gz
MV1D1510902	test_data/raw_data_pop2G/MV1D1510902_R?.fastq.gz
MV1D1514800	test_data/raw_data_pop2G/MV1D1514800_R?.fastq.gz
MV1D1515000	test_data/raw_data_pop2G/MV1D1515000_R?.fastq.gz
MV1D1515394	test_data/raw_data_pop2G/MV1D1515394_R?.fastq.gz
MV1D1518976	test_data/raw_data_pop2G/MV1D1518976_R?.fastq.gz
MV1D1519242	test_data/raw_data_pop2G/MV1D1519242_R?.fastq.gz
MV1D1523154	test_data/raw_data_pop2G/MV1D1523154_R?.fastq.gz
MV1D1527363	test_data/raw_data_pop2G/MV1D1527363_R?.fastq.gz
MV1D1530755	test_data/raw_data_pop2G/MV1D1530755_R?.fastq.gz
MV1D1532506	test_data/raw_data_pop2G/MV1D1532506_R?.fastq.gz
MV1D1534414	test_data/raw_data_pop2G/MV1D1534414_R?.fastq.gz
MV1D1534793	test_data/raw_data_pop2G/MV1D1534793_R?.fastq.gz
MV1D1541204	test_data/raw_data_pop2G/MV1D1541204_R?.fastq.gz
MV1D1541732	test_data/raw_data_pop2G/MV1D1541732_R?.fastq.gz
MV1D1548412	test_data/raw_data_pop2G/MV1D1548412_R?.fastq.gz
MV1D1548947	test_data/raw_data_pop2G/MV1D1548947_R?.fastq.gz
MV1D1549293	test_data/raw_data_pop2G/MV1D1549293_R?.fastq.gz
MV1D1552623	test_data/raw_data_pop2G/MV1D1552623_R?.fastq.gz
MV1D1557461	test_data/raw_data_pop2G/MV1D1557461_R?.fastq.gz
MV1D1560044	test_data/raw_data_pop2G/MV1D1560044_R?.fastq.gz
MV1D1561208	test_data/raw_data_pop2G/MV1D1561208_R?.fastq.gz
MV1D1561871	test_data/raw_data_pop2G/MV1D1561871_R?.fastq.gz
MV1D1562784	test_data/raw_data_pop2G/MV1D1562784_R?.fastq.gz
MV1D1564179	test_data/raw_data_pop2G/MV1D1564179_R?.fastq.gz
MV1D1573843	test_data/raw_data_pop2G/MV1D1573843_R?.fastq.gz
MV1D1578199	test_data/raw_data_pop2G/MV1D1578199_R?.fastq.gz
MV1D1580064	test_data/raw_data_pop2G/MV1D1580064_R?.fastq.gz
MV1D1580380	test_data/raw_data_pop2G/MV1D1580380_R?.fastq.gz
MV1D1584673	test_data/raw_data_pop2G/MV1D1584673_R?.fastq.gz
MV1D1587096	test_data/raw_data_pop2G/MV1D1587096_R?.fastq.gz
MV1D1588955	test_data/raw_data_pop2G/MV1D1588955_R?.fastq.gz
MV1D1590940	test_data/raw_data_pop2G/MV1D1590940_R?.fastq.gz
MV1D1591862	test_data/raw_data_pop2G/MV1D1591862_R?.fastq.gz
MV1D1592587	test_data/raw_data_pop2G/MV1D1592587_R?.fastq.gz
MV1D1595465	test_data/raw_data_pop2G/MV1D1595465_R?.fastq.gz
MV1D1600165	test_data/raw_data_pop2G/MV1D1600165_R?.fastq.gz
MV1D1605410	test_data/raw_data_pop2G/MV1D1605410_R?.fastq.gz
MV1D1609392	test_data/raw_data_pop2G/MV1D1609392_R?.fastq.gz
MV1D1614179	test_data/raw_data_pop2G/MV1D1614179_R?.fastq.gz
MV1D1618990	test_data/raw_data_pop2G/MV1D1618990_R?.fastq.gz
MV1D1619977	test_data/raw_data_pop2G/MV1D1619977_R?.fastq.gz
MV1D1623314	test_data/raw_data_pop2G/MV1D1623314_R?.fastq.gz
MV1D1627048	test_data/raw_data_pop2G/MV1D1627048_R?.fastq.gz
MV1D1628008	test_data/raw_data_pop2G/MV1D1628008_R?.fastq.gz
MV1D1628403	test_data/raw_data_pop2G/MV1D1628403_R?.fastq.gz
MV1D1629271	test_data/raw_data_pop2G/MV1D1629271_R?.fastq.gz
MV1D1632670	test_data/raw_data_pop2G/MV1D1632670_R?.fastq.gz
MV1D1633042	test_data/raw_data_pop2G/MV1D1633042_R?.fastq.gz
MV1D1634237	test_data/raw_data_pop2G/MV1D1634237_R?.fastq.gz
MV1D1635083	test_data/raw_data_pop2G/MV1D1635083_R?.fastq.gz
MV1D1635327	test_data/raw_data_pop2G/MV1D1635327_R?.fastq.gz
MV1D1636080	test_data/raw_data_pop2G/MV1D1636080_R?.fastq.gz
MV1D1636216	test_data/raw_data_pop2G/MV1D1636216_R?.fastq.gz
MV1D1639759	test_data/raw_data_pop2G/MV1D1639759_R?.fastq.gz
MV1D1640938	test_data/raw_data_pop2G/MV1D1640938_R?.fastq.gz
MV1D1644879	test_data/raw_data_pop2G/MV1D1644879_R?.fastq.gz
MV1D1645768	test_data/raw_data_pop2G/MV1D1645768_R?.fastq.gz
MV1D1648219	test_data/raw_data_pop2G/MV1D1648219_R?.fastq.gz
MV1D1649485	test_data/raw_data_pop2G/MV1D1649485_R?.fastq.gz
MV1D1650647	test_data/raw_data_pop2G/MV1D1650647_R?.fastq.gz
MV1D1660001	test_data/raw_data_pop2G/MV1D1660001_R?.fastq.gz
MV1D1665251	test_data/raw_data_pop2G/MV1D1665251_R?.fastq.gz
MV1D1665558	test_data/raw_data_pop2G/MV1D1665558_R?.fastq.gz
MV1D1666870	test_data/raw_data_pop2G/MV1D1666870_R?.fastq.gz
MV1D1669087	test_data/raw_data_pop2G/MV1D1669087_R?.fastq.gz
MV1D1670918	test_data/raw_data_pop2G/MV1D1670918_R?.fastq.gz
MV1D1672858	test_data/raw_data_pop2G/MV1D1672858_R?.fastq.gz
MV1D1673339	test_data/raw_data_pop2G/MV1D1673339_R?.fastq.gz
MV1D1677861	test_data/raw_data_pop2G/MV1D1677861_R?.fastq.gz
MV1D1678295	test_data/raw_data_pop2G/MV1D1678295_R?.fastq.gz
MV1D1679903	test_data/raw_data_pop2G/MV1D1679903_R?.fastq.gz
MV1D1680334	test_data/raw_data_pop2G/MV1D1680334_R?.fastq.gz
MV1D1682120	test_data/raw_data_pop2G/MV1D1682120_R?.fastq.gz
MV1D1682310	test_data/raw_data_pop2G/MV1D1682310_R?.fastq.gz
MV1D1683380	test_data/raw_data_pop2G/MV1D1683380_R?.fastq.gz
MV1D1684048	test_data/raw_data_pop2G/MV1D1684048_R?.fastq.gz
MV1D1685141	test_data/raw_data_pop2G/MV1D1685141_R?.fastq.gz
MV1D1687539	test_data/raw_data_pop2G/MV1D1687539_R?.fastq.gz
MV1D1690799	test_data/raw_data_pop2G/MV1D1690799_R?.fastq.gz
MV1D1691368	test_data/raw_data_pop2G/MV1D1691368_R?.fastq.gz
MV1D1696007	test_data/raw_data_pop2G/MV1D1696007_R?.fastq.gz
MV1D1698984	test_data/raw_data_pop2G/MV1D1698984_R?.fastq.gz
MV1D1705428	test_data/raw_data_pop2G/MV1D1705428_R?.fastq.gz
MV1D1710617	test_data/raw_data_pop2G/MV1D1710617_R?.fastq.gz
MV1D1716442	test_data/raw_data_pop2G/MV1D1716442_R?.fastq.gz
MV1D1721514	test_data/raw_data_pop2G/MV1D1721514_R?.fastq.gz
MV1D1722123	test_data/raw_data_pop2G/MV1D1722123_R?.fastq.gz
MV1D1725481	test_data/raw_data_pop2G/MV1D1725481_R?.fastq.gz
MV1D1728483	test_data/raw_data_pop2G/MV1D1728483_R?.fastq.gz
MV1D1729834	test_data/raw_data_pop2G/MV1D1729834_R?.fastq.gz
MV1D1736011	test_data/raw_data_pop2G/MV1D1736011_R?.fastq.gz
MV1D1738856	test_data/raw_data_pop2G/MV1D1738856_R?.fastq.gz
MV1D1740363	test_data/raw_data_pop2G/MV1D1740363_R?.fastq.gz
MV1D1742611	test_data/raw_data_pop2G/MV1D1742611_R?.fastq.gz
MV1D1743426	test_data/raw_data_pop2G/MV1D1743426_R?.fastq.gz
MV1D1743959	test_data/raw_data_pop2G/MV1D1743959_R?.fastq.gz
MV1D1748828	test_data/raw_data_pop2G/MV1D1748828_R?.fastq.gz
MV1D1753913	test_data/raw_data_pop2G/MV1D1753913_R?.fastq.gz
MV1D1754754	test_data/raw_data_pop2G/MV1D1754754_R?.fastq.gz
MV1D1759477	test_data/raw_data_pop2G/MV1D1759477_R?.fastq.gz
MV1D1761544	test_data/raw_data_pop2G/MV1D1761544_R?.fastq.gz
MV1D1763430	test_data/raw_data_pop2G/MV1D1763430_R?.fastq.gz
MV1D1765138	test_data/raw_data_pop2G/MV1D1765138_R?.fastq.gz
MV1D1770120	test_data/raw_data_pop2G/MV1D1770120_R?.fastq.gz
MV1D1770171	test_data/raw_data_pop2G/MV1D1770171_R?.fastq.gz
MV1D1772609	test_data/raw_data_pop2G/MV1D1772609_R?.fastq.gz
MV1D1773188	test_data/raw_data_pop2G/MV1D1773188_R?.fastq.gz
MV1D1775492	test_data/raw_data_pop2G/MV1D1775492_R?.fastq.gz
MV1D1775587	test_data/raw_data_pop2G/MV1D1775587_R?.fastq.gz
MV1D1776810	test_data/raw_data_pop2G/MV1D1776810_R?.fastq.gz
MV1D1779253	test_data/raw_data_pop2G/MV1D1779253_R?.fastq.gz
MV1D1781051	test_data/raw_data_pop2G/MV1D1781051_R?.fastq.gz
MV1D1786719	test_data/raw_data_pop2G/MV1D1786719_R?.fastq.gz
MV1D1794072	test_data/raw_data_pop2G/MV1D1794072_R?.fastq.gz
MV1D1795220	test_data/raw_data_pop2G/MV1D1795220_R?.fastq.gz
MV1D1795869	test_data/raw_data_pop2G/MV1D1795869_R?.fastq.gz
MV1D1797824	test_data/raw_data_pop2G/MV1D1797824_R?.fastq.gz
MV1D1807393	test_data/raw_data_pop2G/MV1D1807393_R?.fastq.gz
MV1D1813232	test_data/raw_data_pop2G/MV1D1813232_R?.fastq.gz
MV1D1814861	test_data/raw_data_pop2G/MV1D1814861_R?.fastq.gz
MV1D1815271	test_data/raw_data_pop2G/MV1D1815271_R?.fastq.gz
MV1D1818885	test_data/raw_data_pop2G/MV1D1818885_R?.fastq.gz
MV1D1819395	test_data/raw_data_pop2G/MV1D1819395_R?.fastq.gz
MV1D1819510	test_data/raw_data_pop2G/MV1D1819510_R?.fastq.gz
MV1D1819550	test_data/raw_data_pop2G/MV1D1819550_R?.fastq.gz
MV1D1820305	test_data/raw_data_pop2G/MV1D1820305_R?.fastq.gz
MV1D1825332	test_data/raw_data_pop2G/MV1D1825332_R?.fastq.gz
MV1D1825530	test_data/raw_data_pop2G/MV1D1825530_R?.fastq.gz
MV1D1826203	test_data/raw_data_pop2G/MV1D1826203_R?.fastq.gz
MV1D1826976	test_data/raw_data_pop2G/MV1D1826976_R?.fastq.gz
MV1D1829363	test_data/raw_data_pop2G/MV1D1829363_R?.fastq.gz
MV1D1830593	test_data/raw_data_pop2G/MV1D1830593_R?.fastq.gz
MV1D1832401	test_data/raw_data_pop2G/MV1D1832401_R?.fastq.gz
MV1D1834373	test_data/raw_data_pop2G/MV1D1834373_R?.fastq.gz
MV1D1834377	test_data/raw_data_pop2G/MV1D1834377_R?.fastq.gz
MV1D1837567	test_data/raw_data_pop2G/MV1D1837567_R?.fastq.gz
MV1D1842796	test_data/raw_data_pop2G/MV1D1842796_R?.fastq.gz
MV1D1846304	test_data/raw_data_pop2G/MV1D1846304_R?.fastq.gz
MV1D1847539	test_data/raw_data_pop2G/MV1D1847539_R?.fastq.gz
MV1D1848011	test_data/raw_data_pop2G/MV1D1848011_R?.fastq.gz
MV1D1849906	test_data/raw_data_pop2G/MV1D1849906_R?.fastq.gz
MV1D1852537	test_data/raw_data_pop2G/MV1D1852537_R?.fastq.gz
MV1D1855729	test_data/raw_data_pop2G/MV1D1855729_R?.fastq.gz
MV1D1856332	test_data/raw_data_pop2G/MV1D1856332_R?.fastq.gz
MV1D1856590	test_data/raw_data_pop2G/MV1D1856590_R?.fastq.gz
MV1D1859152	test_data/raw_data_pop2G/MV1D1859152_R?.fastq.gz
MV1D1861891	test_data/raw_data_pop2G/MV1D1861891_R?.fastq.gz
MV1D1864696	test_data/raw_data_pop2G/MV1D1864696_R?.fastq.gz
MV1D1868353	test_data/raw_data_pop2G/MV1D1868353_R?.fastq.gz
MV1D1871962	test_data/raw_data_pop2G/MV1D1871962_R?.fastq.gz
MV1D1873071	test_data/raw_data_pop2G/MV1D1873071_R?.fastq.gz
MV1D1874155	test_data/raw_data_pop2G/MV1D1874155_R?.fastq.gz
MV1D1874950	test_data/raw_data_pop2G/MV1D1874950_R?.fastq.gz
MV1D1876045	test_data/raw_data_pop2G/MV1D1876045_R?.fastq.gz
MV1D1876190	test_data/raw_data_pop2G/MV1D1876190_R?.fastq.gz
MV1D1877130	test_data/raw_data_pop2G/MV1D1877130_R?.fastq.gz
MV1D1877605	test_data/raw_data_pop2G/MV1D1877605_R?.fastq.gz
MV1D1879308	test_data/raw_data_pop2G/MV1D1879308_R?.fastq.gz
MV1D1879955	test_data/raw_data_pop2G/MV1D1879955_R?.fastq.gz
MV1D1881788	test_data/raw_data_pop2G/MV1D1881788_R?.fastq.gz
MV1D1885726	test_data/raw_data_pop2G/MV1D1885726_R?.fastq.gz
MV1D1889021	test_data/raw_data_pop2G/MV1D1889021_R?.fastq.gz
MV1D1892954	test_data/raw_data_pop2G/MV1D1892954_R?.fastq.gz
MV1D1894544	test_data/raw_data_pop2G/MV1D1894544_R?.fastq.gz
MV1D1897275	test_data/raw_data_pop2G/MV1D1897275_R?.fastq.gz
MV1D1901888	test_data/raw_data_pop2G/MV1D1901888_R?.fastq.gz
MV1D1905474	test_data/raw_data_pop2G/MV1D1905474_R?.fastq.gz
MV1D1908414	test_data/raw_data_pop2G/MV1D1908414_R?.fastq.gz
MV1D1909834	test_data/raw_data_pop2G/MV1D1909834_R?.fastq.gz
MV1D1910143	test_data/raw_data_pop2G/MV1D1910143_R?.fastq.gz
MV1D1910525	test_data/raw_data_pop2G/MV1D1910525_R?.fastq.gz
MV1D1911295	test_data/raw_data_pop2G/MV1D1911295_R?.fastq.gz
MV1D1917401	test_data/raw_data_pop2G/MV1D1917401_R?.fastq.gz
MV1D1918169	test_data/raw_data_pop2G/MV1D1918169_R?.fastq.gz
MV1D1921928	test_data/raw_data_pop2G/MV1D1921928_R?.fastq.gz
MV1D1924020	test_data/raw_data_pop2G/MV1D1924020_R?.fastq.gz
MV1D1929246	test_data/raw_data_pop2G/MV1D1929246_R?.fastq.gz
MV1D1930458	test_data/raw_data_pop2G/MV1D1930458_R?.fastq.gz
MV1D1935822	test_data/raw_data_pop2G/MV1D1935822_R?.fastq.gz
MV1D1937823	test_data/raw_data_pop2G/MV1D1937823_R?.fastq.gz
MV1D1938123	test_data/raw_data_pop2G/MV1D1938123_R?.fastq.gz
MV1D1938525	test_data/raw_data_pop2G/MV1D1938525_R?.fastq.gz
MV1D1940447	test_data/raw_data_pop2G/MV1D1940447_R?.fastq.gz
MV1D1942009	test_data/raw_data_pop2G/MV1D1942009_R?.fastq.gz
MV1D1948112	test_data/raw_data_pop2G/MV1D1948112_R?.fastq.gz
MV1D1950396	test_data/raw_data_pop2G/MV1D1950396_R?.fastq.gz
MV1D1954215	test_data/raw_data_pop2G/MV1D1954215_R?.fastq.gz
MV1D1954775	test_data/raw_data_pop2G/MV1D1954775_R?.fastq.gz
MV1D1957687	test_data/raw_data_pop2G/MV1D1957687_R?.fastq.gz
MV1D1960118	test_data/raw_data_pop2G/MV1D1960118_R?.fastq.gz
MV1D1961458	test_data/raw_data_pop2G/MV1D1961458_R?.fastq.gz
MV1D1964032	test_data/raw_data_pop2G/MV1D1964032_R?.fastq.gz
MV1D1965042	test_data/raw_data_pop2G/MV1D1965042_R?.fastq.gz
MV1D1968097	test_data/raw_data_pop2G/MV1D1968097_R?.fastq.gz
MV1D1970473	test_data/raw_data_pop2G/MV1D1970473_R?.fastq.gz
MV1D1972203	test_data/raw_data_pop2G/MV1D1972203_R?.fastq.gz
MV1D1974625	test_data/raw_data_pop2G/MV1D1974625_R?.fastq.gz
MV1D1976354	test_data/raw_data_pop2G/MV1D1976354_R?.fastq.gz
MV1D1976474	test_data/raw_data_pop2G/MV1D1976474_R?.fastq.gz
MV1D1976556	test_data/raw_data_pop2G/MV1D1976556_R?.fastq.gz
MV1D1976674	test_data/raw_data_pop2G/MV1D1976674_R?.fastq.gz
MV1D1981454	test_data/raw_data_pop2G/MV1D1981454_R?.fastq.gz
MV1D1985310	test_data/raw_data_pop2G/MV1D1985310_R?.fastq.gz
MV1D1990277	test_data/raw_data_pop2G/MV1D1990277_R?.fastq.gz
MV1D1991407	test_data/raw_data_pop2G/MV1D1991407_R?.fastq.gz
MV1D1992300	test_data/raw_data_pop2G/MV1D1992300_R?.fastq.gz
MV1D1992382	test_data/raw_data_pop2G/MV1D1992382_R?.fastq.gz
MV1D1993597	test_data/raw_data_pop2G/MV1D1993597_R?.fastq.gz
MV1D1995254	test_data/raw_data_pop2G/MV1D1995254_R?.fastq.gz
MV1D1998537	test_data/raw_data_pop2G/MV1D1998537_R?.fastq.gz
MV1R1795869	test_data/raw_data_pop2T/MV1R1795869_R?.fastq.gz
MV1R1359351	test_data/raw_data_pop2T/MV1R1359351_R?.fastq.gz
MV1R1992300	test_data/raw_data_pop2T/MV1R1992300_R?.fastq.gz
MV1R1595465	test_data/raw_data_pop2T/MV1R1595465_R?.fastq.gz
MV1R1100736	test_data/raw_data_pop2T/MV1R1100736_R?.fastq.gz
MV1R1321775	test_data/raw_data_pop2T/MV1R1321775_R?.fastq.gz
MV1R1433056	test_data/raw_data_pop2T/MV1R1433056_R?.fastq.gz
MV1R1908414	test_data/raw_data_pop2T/MV1R1908414_R?.fastq.gz
MV1R1636216	test_data/raw_data_pop2T/MV1R1636216_R?.fastq.gz
MV1R1111673	test_data/raw_data_pop2T/MV1R1111673_R?.fastq.gz
MV1R1438168	test_data/raw_data_pop2T/MV1R1438168_R?.fastq.gz
MV1R1814861	test_data/raw_data_pop2T/MV1R1814861_R?.fastq.gz
MV1R1557461	test_data/raw_data_pop2T/MV1R1557461_R?.fastq.gz
MV1R1600165	test_data/raw_data_pop2T/MV1R1600165_R?.fastq.gz
MV1R1541732	test_data/raw_data_pop2T/MV1R1541732_R?.fastq.gz
MV1R1089821	test_data/raw_data_pop2T/MV1R1089821_R?.fastq.gz
MV1R1519242	test_data/raw_data_pop2T/MV1R1519242_R?.fastq.gz
MV1R1580380	test_data/raw_data_pop2T/MV1R1580380_R?.fastq.gz
MV1R1797824	test_data/raw_data_pop2T/MV1R1797824_R?.fastq.gz
MV1R1496855	test_data/raw_data_pop2T/MV1R1496855_R?.fastq.gz
MV1R1290301	test_data/raw_data_pop2T/MV1R1290301_R?.fastq.gz
MV1R1636080	test_data/raw_data_pop2T/MV1R1636080_R?.fastq.gz
MV1R1026550	test_data/raw_data_pop2T/MV1R1026550_R?.fastq.gz
MV1R1985310	test_data/raw_data_pop2T/MV1R1985310_R?.fastq.gz
MV1R1455804	test_data/raw_data_pop2T/MV1R1455804_R?.fastq.gz
MV1R1960118	test_data/raw_data_pop2T/MV1R1960118_R?.fastq.gz
MV1R1078627	test_data/raw_data_pop2T/MV1R1078627_R?.fastq.gz
MV1R1227991	test_data/raw_data_pop2T/MV1R1227991_R?.fastq.gz
MV1R1294136	test_data/raw_data_pop2T/MV1R1294136_R?.fastq.gz
MV1R1879955	test_data/raw_data_pop2T/MV1R1879955_R?.fastq.gz
MV1R1894544	test_data/raw_data_pop2T/MV1R1894544_R?.fastq.gz
MV1R1834373	test_data/raw_data_pop2T/MV1R1834373_R?.fastq.gz
MV1R1284542	test_data/raw_data_pop2T/MV1R1284542_R?.fastq.gz
MV1R1938123	test_data/raw_data_pop2T/MV1R1938123_R?.fastq.gz
MV1R1134642	test_data/raw_data_pop2T/MV1R1134642_R?.fastq.gz
MV1R1660001	test_data/raw_data_pop2T/MV1R1660001_R?.fastq.gz
MV1R1095627	test_data/raw_data_pop2T/MV1R1095627_R?.fastq.gz
MV1R1590940	test_data/raw_data_pop2T/MV1R1590940_R?.fastq.gz
MV1R1849906	test_data/raw_data_pop2T/MV1R1849906_R?.fastq.gz
MV1R1390934	test_data/raw_data_pop2T/MV1R1390934_R?.fastq.gz
MV1R1889021	test_data/raw_data_pop2T/MV1R1889021_R?.fastq.gz
MV1R1414311	test_data/raw_data_pop2T/MV1R1414311_R?.fastq.gz
MV1R1648219	test_data/raw_data_pop2T/MV1R1648219_R?.fastq.gz
MV1R1173141	test_data/raw_data_pop2T/MV1R1173141_R?.fastq.gz
MV1R1095301	test_data/raw_data_pop2T/MV1R1095301_R?.fastq.gz
MV1R1795220	test_data/raw_data_pop2T/MV1R1795220_R?.fastq.gz
MV1R1874950	test_data/raw_data_pop2T/MV1R1874950_R?.fastq.gz
MV1R1781051	test_data/raw_data_pop2T/MV1R1781051_R?.fastq.gz
MV1R1842796	test_data/raw_data_pop2T/MV1R1842796_R?.fastq.gz
MV1R1171551	test_data/raw_data_pop2T/MV1R1171551_R?.fastq.gz
MV1R1389932	test_data/raw_data_pop2T/MV1R1389932_R?.fastq.gz
MV1R1897275	test_data/raw_data_pop2T/MV1R1897275_R?.fastq.gz
MV1R1725481	test_data/raw_data_pop2T/MV1R1725481_R?.fastq.gz
MV1R1035128	test_data/raw_data_pop2T/MV1R1035128_R?.fastq.gz
MV1R1157175	test_data/raw_data_pop2T/MV1R1157175_R?.fastq.gz
MV1R1126356	test_data/raw_data_pop2T/MV1R1126356_R?.fastq.gz
MV1D1001339	test_data/raw_data_ptb47G/MV1D1001339_R?.fastq.gz
MV1D1001634	test_data/raw_data_ptb47G/MV1D1001634_R?.fastq.gz
MV1D1003791	test_data/raw_data_ptb47G/MV1D1003791_R?.fastq.gz
MV1D1009595	test_data/raw_data_ptb47G/MV1D1009595_R?.fastq.gz
MV1D1009781	test_data/raw_data_ptb47G/MV1D1009781_R?.fastq.gz
MV1D1014839	test_data/raw_data_ptb47G/MV1D1014839_R?.fastq.gz
MV1D1016343	test_data/raw_data_ptb47G/MV1D1016343_R?.fastq.gz
MV1D1016354	test_data/raw_data_ptb47G/MV1D1016354_R?.fastq.gz
MV1D1018016	test_data/raw_data_ptb47G/MV1D1018016_R?.fastq.gz
MV1D1018026	test_data/raw_data_ptb47G/MV1D1018026_R?.fastq.gz
MV1D1020044	test_data/raw_data_ptb47G/MV1D1020044_R?.fastq.gz
MV1D1020155	test_data/raw_data_ptb47G/MV1D1020155_R?.fastq.gz
MV1D1020274	test_data/raw_data_ptb47G/MV1D1020274_R?.fastq.gz
MV1D1024932	test_data/raw_data_ptb47G/MV1D1024932_R?.fastq.gz
MV1D1026058	test_data/raw_data_ptb47G/MV1D1026058_R?.fastq.gz
MV1D1027535	test_data/raw_data_ptb47G/MV1D1027535_R?.fastq.gz
MV1D1029377	test_data/raw_data_ptb47G/MV1D1029377_R?.fastq.gz
MV1D1030705	test_data/raw_data_ptb47G/MV1D1030705_R?.fastq.gz
MV1D1032308	test_data/raw_data_ptb47G/MV1D1032308_R?.fastq.gz
MV1D1032912	test_data/raw_data_ptb47G/MV1D1032912_R?.fastq.gz
MV1D1036033	test_data/raw_data_ptb47G/MV1D1036033_R?.fastq.gz
MV1D1038967	test_data/raw_data_ptb47G/MV1D1038967_R?.fastq.gz
MV1D1040876	test_data/raw_data_ptb47G/MV1D1040876_R?.fastq.gz
MV1D1040982	test_data/raw_data_ptb47G/MV1D1040982_R?.fastq.gz
MV1D1043582	test_data/raw_data_ptb47G/MV1D1043582_R?.fastq.gz
MV1D1045018	test_data/raw_data_ptb47G/MV1D1045018_R?.fastq.gz
MV1D1046100	test_data/raw_data_ptb47G/MV1D1046100_R?.fastq.gz
MV1D1046680	test_data/raw_data_ptb47G/MV1D1046680_R?.fastq.gz
MV1D1047563	test_data/raw_data_ptb47G/MV1D1047563_R?.fastq.gz
MV1D1049786	test_data/raw_data_ptb47G/MV1D1049786_R?.fastq.gz
MV1D1050807	test_data/raw_data_ptb47G/MV1D1050807_R?.fastq.gz
MV1D1054634	test_data/raw_data_ptb47G/MV1D1054634_R?.fastq.gz
MV1D1058071	test_data/raw_data_ptb47G/MV1D1058071_R?.fastq.gz
MV1D1060904	test_data/raw_data_ptb47G/MV1D1060904_R?.fastq.gz
MV1D1061577	test_data/raw_data_ptb47G/MV1D1061577_R?.fastq.gz
MV1D1063221	test_data/raw_data_ptb47G/MV1D1063221_R?.fastq.gz
MV1D1065406	test_data/raw_data_ptb47G/MV1D1065406_R?.fastq.gz
MV1D1068049	test_data/raw_data_ptb47G/MV1D1068049_R?.fastq.gz
MV1D1070302	test_data/raw_data_ptb47G/MV1D1070302_R?.fastq.gz
MV1D1072291	test_data/raw_data_ptb47G/MV1D1072291_R?.fastq.gz
MV1D1073285	test_data/raw_data_ptb47G/MV1D1073285_R?.fastq.gz
MV1D1073798	test_data/raw_data_ptb47G/MV1D1073798_R?.fastq.gz
MV1D1074685	test_data/raw_data_ptb47G/MV1D1074685_R?.fastq.gz
MV1D1075284	test_data/raw_data_ptb47G/MV1D1075284_R?.fastq.gz
MV1D1075486	test_data/raw_data_ptb47G/MV1D1075486_R?.fastq.gz
MV1D1076167	test_data/raw_data_ptb47G/MV1D1076167_R?.fastq.gz
MV1D1079139	test_data/raw_data_ptb47G/MV1D1079139_R?.fastq.gz
MV1D1079536	test_data/raw_data_ptb47G/MV1D1079536_R?.fastq.gz
MV1D1083838	test_data/raw_data_ptb47G/MV1D1083838_R?.fastq.gz
MV1D1084097	test_data/raw_data_ptb47G/MV1D1084097_R?.fastq.gz
MV1D1085461	test_data/raw_data_ptb47G/MV1D1085461_R?.fastq.gz
MV1D1085855	test_data/raw_data_ptb47G/MV1D1085855_R?.fastq.gz
MV1D1086281	test_data/raw_data_ptb47G/MV1D1086281_R?.fastq.gz
MV1D1087716	test_data/raw_data_ptb47G/MV1D1087716_R?.fastq.gz
MV1D1089088	test_data/raw_data_ptb47G/MV1D1089088_R?.fastq.gz
MV1D1090644	test_data/raw_data_ptb47G/MV1D1090644_R?.fastq.gz
MV1D1092299	test_data/raw_data_ptb47G/MV1D1092299_R?.fastq.gz
MV1D1092979	test_data/raw_data_ptb47G/MV1D1092979_R?.fastq.gz
MV1D1093079	test_data/raw_data_ptb47G/MV1D1093079_R?.fastq.gz
MV1D1094502	test_data/raw_data_ptb47G/MV1D1094502_R?.fastq.gz
MV1D1094721	test_data/raw_data_ptb47G/MV1D1094721_R?.fastq.gz
MV1D1095032	test_data/raw_data_ptb47G/MV1D1095032_R?.fastq.gz
MV1D1095973	test_data/raw_data_ptb47G/MV1D1095973_R?.fastq.gz
MV1D1096133	test_data/raw_data_ptb47G/MV1D1096133_R?.fastq.gz
MV1D1099012	test_data/raw_data_ptb47G/MV1D1099012_R?.fastq.gz
MV1D1100343	test_data/raw_data_ptb47G/MV1D1100343_R?.fastq.gz
MV1D1103670	test_data/raw_data_ptb47G/MV1D1103670_R?.fastq.gz
MV1D1105409	test_data/raw_data_ptb47G/MV1D1105409_R?.fastq.gz
MV1D1106333	test_data/raw_data_ptb47G/MV1D1106333_R?.fastq.gz
MV1D1106506	test_data/raw_data_ptb47G/MV1D1106506_R?.fastq.gz
MV1D1108590	test_data/raw_data_ptb47G/MV1D1108590_R?.fastq.gz
MV1D1109719	test_data/raw_data_ptb47G/MV1D1109719_R?.fastq.gz
MV1D1110918	test_data/raw_data_ptb47G/MV1D1110918_R?.fastq.gz
MV1D1111673	test_data/raw_data_ptb47G/MV1D1111673_R?.fastq.gz
MV1D1111918	test_data/raw_data_ptb47G/MV1D1111918_R?.fastq.gz
MV1D1116016	test_data/raw_data_ptb47G/MV1D1116016_R?.fastq.gz
MV1D1117601	test_data/raw_data_ptb47G/MV1D1117601_R?.fastq.gz
MV1D1118912	test_data/raw_data_ptb47G/MV1D1118912_R?.fastq.gz
MV1D1119357	test_data/raw_data_ptb47G/MV1D1119357_R?.fastq.gz
MV1D1123632	test_data/raw_data_ptb47G/MV1D1123632_R?.fastq.gz
MV1D1125350	test_data/raw_data_ptb47G/MV1D1125350_R?.fastq.gz
MV1D1125855	test_data/raw_data_ptb47G/MV1D1125855_R?.fastq.gz
MV1D1127107	test_data/raw_data_ptb47G/MV1D1127107_R?.fastq.gz
MV1D1132115	test_data/raw_data_ptb47G/MV1D1132115_R?.fastq.gz
MV1D1132805	test_data/raw_data_ptb47G/MV1D1132805_R?.fastq.gz
MV1D1136253	test_data/raw_data_ptb47G/MV1D1136253_R?.fastq.gz
MV1D1137569	test_data/raw_data_ptb47G/MV1D1137569_R?.fastq.gz
MV1D1138797	test_data/raw_data_ptb47G/MV1D1138797_R?.fastq.gz
MV1D1142674	test_data/raw_data_ptb47G/MV1D1142674_R?.fastq.gz
MV1D1144795	test_data/raw_data_ptb47G/MV1D1144795_R?.fastq.gz
MV1D1144969	test_data/raw_data_ptb47G/MV1D1144969_R?.fastq.gz
MV1D1146899	test_data/raw_data_ptb47G/MV1D1146899_R?.fastq.gz
MV1D1153729	test_data/raw_data_ptb47G/MV1D1153729_R?.fastq.gz
MV1D1153799	test_data/raw_data_ptb47G/MV1D1153799_R?.fastq.gz
MV1D1154331	test_data/raw_data_ptb47G/MV1D1154331_R?.fastq.gz
MV1D1156590	test_data/raw_data_ptb47G/MV1D1156590_R?.fastq.gz
MV1D1158449	test_data/raw_data_ptb47G/MV1D1158449_R?.fastq.gz
MV1D1160656	test_data/raw_data_ptb47G/MV1D1160656_R?.fastq.gz
MV1D1162633	test_data/raw_data_ptb47G/MV1D1162633_R?.fastq.gz
MV1D1163986	test_data/raw_data_ptb47G/MV1D1163986_R?.fastq.gz
MV1D1168264	test_data/raw_data_ptb47G/MV1D1168264_R?.fastq.gz
MV1D1169050	test_data/raw_data_ptb47G/MV1D1169050_R?.fastq.gz
MV1D1171168	test_data/raw_data_ptb47G/MV1D1171168_R?.fastq.gz
MV1D1171643	test_data/raw_data_ptb47G/MV1D1171643_R?.fastq.gz
MV1D1172443	test_data/raw_data_ptb47G/MV1D1172443_R?.fastq.gz
MV1D1174025	test_data/raw_data_ptb47G/MV1D1174025_R?.fastq.gz
MV1D1174253	test_data/raw_data_ptb47G/MV1D1174253_R?.fastq.gz
MV1D1174863	test_data/raw_data_ptb47G/MV1D1174863_R?.fastq.gz
MV1D1175672	test_data/raw_data_ptb47G/MV1D1175672_R?.fastq.gz
MV1D1176805	test_data/raw_data_ptb47G/MV1D1176805_R?.fastq.gz
MV1D1177380	test_data/raw_data_ptb47G/MV1D1177380_R?.fastq.gz
MV1D1179081	test_data/raw_data_ptb47G/MV1D1179081_R?.fastq.gz
MV1D1180980	test_data/raw_data_ptb47G/MV1D1180980_R?.fastq.gz
MV1D1181571	test_data/raw_data_ptb47G/MV1D1181571_R?.fastq.gz
MV1D1182001	test_data/raw_data_ptb47G/MV1D1182001_R?.fastq.gz
MV1D1182640	test_data/raw_data_ptb47G/MV1D1182640_R?.fastq.gz
MV1D1182712	test_data/raw_data_ptb47G/MV1D1182712_R?.fastq.gz
MV1D1182887	test_data/raw_data_ptb47G/MV1D1182887_R?.fastq.gz
MV1D1183963	test_data/raw_data_ptb47G/MV1D1183963_R?.fastq.gz
MV1D1185609	test_data/raw_data_ptb47G/MV1D1185609_R?.fastq.gz
MV1D1185643	test_data/raw_data_ptb47G/MV1D1185643_R?.fastq.gz
MV1D1186963	test_data/raw_data_ptb47G/MV1D1186963_R?.fastq.gz
MV1D1187336	test_data/raw_data_ptb47G/MV1D1187336_R?.fastq.gz
MV1D1189232	test_data/raw_data_ptb47G/MV1D1189232_R?.fastq.gz
MV1D1192209	test_data/raw_data_ptb47G/MV1D1192209_R?.fastq.gz
MV1D1199315	test_data/raw_data_ptb47G/MV1D1199315_R?.fastq.gz
MV1D1199322	test_data/raw_data_ptb47G/MV1D1199322_R?.fastq.gz
MV1D1199457	test_data/raw_data_ptb47G/MV1D1199457_R?.fastq.gz
MV1D1200302	test_data/raw_data_ptb47G/MV1D1200302_R?.fastq.gz
MV1D1205533	test_data/raw_data_ptb47G/MV1D1205533_R?.fastq.gz
MV1D1205974	test_data/raw_data_ptb47G/MV1D1205974_R?.fastq.gz
MV1D1207917	test_data/raw_data_ptb47G/MV1D1207917_R?.fastq.gz
MV1D1208361	test_data/raw_data_ptb47G/MV1D1208361_R?.fastq.gz
MV1D1209672	test_data/raw_data_ptb47G/MV1D1209672_R?.fastq.gz
MV1D1210154	test_data/raw_data_ptb47G/MV1D1210154_R?.fastq.gz
MV1D1210441	test_data/raw_data_ptb47G/MV1D1210441_R?.fastq.gz
MV1D1211102	test_data/raw_data_ptb47G/MV1D1211102_R?.fastq.gz
MV1D1211886	test_data/raw_data_ptb47G/MV1D1211886_R?.fastq.gz
MV1D1219674	test_data/raw_data_ptb47G/MV1D1219674_R?.fastq.gz
MV1D1223836	test_data/raw_data_ptb47G/MV1D1223836_R?.fastq.gz
MV1D1224565	test_data/raw_data_ptb47G/MV1D1224565_R?.fastq.gz
MV1D1228053	test_data/raw_data_ptb47G/MV1D1228053_R?.fastq.gz
MV1D1228226	test_data/raw_data_ptb47G/MV1D1228226_R?.fastq.gz
MV1D1232778	test_data/raw_data_ptb47G/MV1D1232778_R?.fastq.gz
MV1D1233654	test_data/raw_data_ptb47G/MV1D1233654_R?.fastq.gz
MV1D1237946	test_data/raw_data_ptb47G/MV1D1237946_R?.fastq.gz
MV1D1238110	test_data/raw_data_ptb47G/MV1D1238110_R?.fastq.gz
MV1D1239655	test_data/raw_data_ptb47G/MV1D1239655_R?.fastq.gz
MV1D1242328	test_data/raw_data_ptb47G/MV1D1242328_R?.fastq.gz
MV1D1243595	test_data/raw_data_ptb47G/MV1D1243595_R?.fastq.gz
MV1D1243812	test_data/raw_data_ptb47G/MV1D1243812_R?.fastq.gz
MV1D1244563	test_data/raw_data_ptb47G/MV1D1244563_R?.fastq.gz
MV1D1245641	test_data/raw_data_ptb47G/MV1D1245641_R?.fastq.gz
MV1D1246482	test_data/raw_data_ptb47G/MV1D1246482_R?.fastq.gz
MV1D1250414	test_data/raw_data_ptb47G/MV1D1250414_R?.fastq.gz
MV1D1251053	test_data/raw_data_ptb47G/MV1D1251053_R?.fastq.gz
MV1D1262485	test_data/raw_data_ptb47G/MV1D1262485_R?.fastq.gz
MV1D1263861	test_data/raw_data_ptb47G/MV1D1263861_R?.fastq.gz
MV1D1264257	test_data/raw_data_ptb47G/MV1D1264257_R?.fastq.gz
MV1D1267494	test_data/raw_data_ptb47G/MV1D1267494_R?.fastq.gz
MV1D1269349	test_data/raw_data_ptb47G/MV1D1269349_R?.fastq.gz
MV1D1270298	test_data/raw_data_ptb47G/MV1D1270298_R?.fastq.gz
MV1D1270789	test_data/raw_data_ptb47G/MV1D1270789_R?.fastq.gz
MV1D1272415	test_data/raw_data_ptb47G/MV1D1272415_R?.fastq.gz
MV1D1272426	test_data/raw_data_ptb47G/MV1D1272426_R?.fastq.gz
MV1D1278561	test_data/raw_data_ptb47G/MV1D1278561_R?.fastq.gz
MV1D1279392	test_data/raw_data_ptb47G/MV1D1279392_R?.fastq.gz
MV1D1280000	test_data/raw_data_ptb47G/MV1D1280000_R?.fastq.gz
MV1D1281444	test_data/raw_data_ptb47G/MV1D1281444_R?.fastq.gz
MV1D1283231	test_data/raw_data_ptb47G/MV1D1283231_R?.fastq.gz
MV1D1283805	test_data/raw_data_ptb47G/MV1D1283805_R?.fastq.gz
MV1D1285230	test_data/raw_data_ptb47G/MV1D1285230_R?.fastq.gz
MV1D1286477	test_data/raw_data_ptb47G/MV1D1286477_R?.fastq.gz
MV1D1286730	test_data/raw_data_ptb47G/MV1D1286730_R?.fastq.gz
MV1D1286964	test_data/raw_data_ptb47G/MV1D1286964_R?.fastq.gz
MV1D1287439	test_data/raw_data_ptb47G/MV1D1287439_R?.fastq.gz
MV1D1288209	test_data/raw_data_ptb47G/MV1D1288209_R?.fastq.gz
MV1D1299116	test_data/raw_data_ptb47G/MV1D1299116_R?.fastq.gz
MV1D1299340	test_data/raw_data_ptb47G/MV1D1299340_R?.fastq.gz
MV1D1299646	test_data/raw_data_ptb47G/MV1D1299646_R?.fastq.gz
MV1D1300026	test_data/raw_data_ptb47G/MV1D1300026_R?.fastq.gz
MV1D1301771	test_data/raw_data_ptb47G/MV1D1301771_R?.fastq.gz
MV1D1303422	test_data/raw_data_ptb47G/MV1D1303422_R?.fastq.gz
MV1D1303964	test_data/raw_data_ptb47G/MV1D1303964_R?.fastq.gz
MV1D1304086	test_data/raw_data_ptb47G/MV1D1304086_R?.fastq.gz
MV1D1306211	test_data/raw_data_ptb47G/MV1D1306211_R?.fastq.gz
MV1D1306228	test_data/raw_data_ptb47G/MV1D1306228_R?.fastq.gz
MV1D1310210	test_data/raw_data_ptb47G/MV1D1310210_R?.fastq.gz
MV1D1310334	test_data/raw_data_ptb47G/MV1D1310334_R?.fastq.gz
MV1D1311076	test_data/raw_data_ptb47G/MV1D1311076_R?.fastq.gz
MV1D1312450	test_data/raw_data_ptb47G/MV1D1312450_R?.fastq.gz
MV1D1313706	test_data/raw_data_ptb47G/MV1D1313706_R?.fastq.gz
MV1D1317668	test_data/raw_data_ptb47G/MV1D1317668_R?.fastq.gz
MV1D1318076	test_data/raw_data_ptb47G/MV1D1318076_R?.fastq.gz
MV1D1318203	test_data/raw_data_ptb47G/MV1D1318203_R?.fastq.gz
MV1D1318216	test_data/raw_data_ptb47G/MV1D1318216_R?.fastq.gz
MV1D1318624	test_data/raw_data_ptb47G/MV1D1318624_R?.fastq.gz
MV1D1320139	test_data/raw_data_ptb47G/MV1D1320139_R?.fastq.gz
MV1D1329647	test_data/raw_data_ptb47G/MV1D1329647_R?.fastq.gz
MV1D1330293	test_data/raw_data_ptb47G/MV1D1330293_R?.fastq.gz
MV1D1330437	test_data/raw_data_ptb47G/MV1D1330437_R?.fastq.gz
MV1D1333159	test_data/raw_data_ptb47G/MV1D1333159_R?.fastq.gz
MV1D1335348	test_data/raw_data_ptb47G/MV1D1335348_R?.fastq.gz
MV1D1335494	test_data/raw_data_ptb47G/MV1D1335494_R?.fastq.gz
MV1D1338523	test_data/raw_data_ptb47G/MV1D1338523_R?.fastq.gz
MV1D1342273	test_data/raw_data_ptb47G/MV1D1342273_R?.fastq.gz
MV1D1344383	test_data/raw_data_ptb47G/MV1D1344383_R?.fastq.gz
MV1D1346572	test_data/raw_data_ptb47G/MV1D1346572_R?.fastq.gz
MV1D1346756	test_data/raw_data_ptb47G/MV1D1346756_R?.fastq.gz
MV1D1351292	test_data/raw_data_ptb47G/MV1D1351292_R?.fastq.gz
MV1D1355663	test_data/raw_data_ptb47G/MV1D1355663_R?.fastq.gz
MV1D1355995	test_data/raw_data_ptb47G/MV1D1355995_R?.fastq.gz
MV1D1358415	test_data/raw_data_ptb47G/MV1D1358415_R?.fastq.gz
MV1D1358991	test_data/raw_data_ptb47G/MV1D1358991_R?.fastq.gz
MV1D1361754	test_data/raw_data_ptb47G/MV1D1361754_R?.fastq.gz
MV1D1363901	test_data/raw_data_ptb47G/MV1D1363901_R?.fastq.gz
MV1D1364511	test_data/raw_data_ptb47G/MV1D1364511_R?.fastq.gz
MV1D1365627	test_data/raw_data_ptb47G/MV1D1365627_R?.fastq.gz
MV1D1366407	test_data/raw_data_ptb47G/MV1D1366407_R?.fastq.gz
MV1D1366421	test_data/raw_data_ptb47G/MV1D1366421_R?.fastq.gz
MV1D1366579	test_data/raw_data_ptb47G/MV1D1366579_R?.fastq.gz
MV1D1368382	test_data/raw_data_ptb47G/MV1D1368382_R?.fastq.gz
MV1D1368452	test_data/raw_data_ptb47G/MV1D1368452_R?.fastq.gz
MV1D1369315	test_data/raw_data_ptb47G/MV1D1369315_R?.fastq.gz
MV1D1370319	test_data/raw_data_ptb47G/MV1D1370319_R?.fastq.gz
MV1D1371144	test_data/raw_data_ptb47G/MV1D1371144_R?.fastq.gz
MV1D1374081	test_data/raw_data_ptb47G/MV1D1374081_R?.fastq.gz
MV1D1374170	test_data/raw_data_ptb47G/MV1D1374170_R?.fastq.gz
MV1D1374595	test_data/raw_data_ptb47G/MV1D1374595_R?.fastq.gz
MV1D1376850	test_data/raw_data_ptb47G/MV1D1376850_R?.fastq.gz
MV1D1379112	test_data/raw_data_ptb47G/MV1D1379112_R?.fastq.gz
MV1D1381974	test_data/raw_data_ptb47G/MV1D1381974_R?.fastq.gz
MV1D1385403	test_data/raw_data_ptb47G/MV1D1385403_R?.fastq.gz
MV1D1385610	test_data/raw_data_ptb47G/MV1D1385610_R?.fastq.gz
MV1D1385665	test_data/raw_data_ptb47G/MV1D1385665_R?.fastq.gz
MV1D1386325	test_data/raw_data_ptb47G/MV1D1386325_R?.fastq.gz
MV1D1389474	test_data/raw_data_ptb47G/MV1D1389474_R?.fastq.gz
MV1D1390145	test_data/raw_data_ptb47G/MV1D1390145_R?.fastq.gz
MV1D1392277	test_data/raw_data_ptb47G/MV1D1392277_R?.fastq.gz
MV1D1395010	test_data/raw_data_ptb47G/MV1D1395010_R?.fastq.gz
MV1D1396561	test_data/raw_data_ptb47G/MV1D1396561_R?.fastq.gz
MV1D1399773	test_data/raw_data_ptb47G/MV1D1399773_R?.fastq.gz
MV1D1405125	test_data/raw_data_ptb47G/MV1D1405125_R?.fastq.gz
MV1D1405597	test_data/raw_data_ptb47G/MV1D1405597_R?.fastq.gz
MV1D1406991	test_data/raw_data_ptb47G/MV1D1406991_R?.fastq.gz
MV1D1409156	test_data/raw_data_ptb47G/MV1D1409156_R?.fastq.gz
MV1D1410854	test_data/raw_data_ptb47G/MV1D1410854_R?.fastq.gz
MV1D1413639	test_data/raw_data_ptb47G/MV1D1413639_R?.fastq.gz
MV1D1415705	test_data/raw_data_ptb47G/MV1D1415705_R?.fastq.gz
MV1D1422700	test_data/raw_data_ptb47G/MV1D1422700_R?.fastq.gz
MV1D1424725	test_data/raw_data_ptb47G/MV1D1424725_R?.fastq.gz
MV1D1425284	test_data/raw_data_ptb47G/MV1D1425284_R?.fastq.gz
MV1D1426006	test_data/raw_data_ptb47G/MV1D1426006_R?.fastq.gz
MV1D1426059	test_data/raw_data_ptb47G/MV1D1426059_R?.fastq.gz
MV1D1428634	test_data/raw_data_ptb47G/MV1D1428634_R?.fastq.gz
MV1D1438344	test_data/raw_data_ptb47G/MV1D1438344_R?.fastq.gz
MV1D1438708	test_data/raw_data_ptb47G/MV1D1438708_R?.fastq.gz
MV1D1443262	test_data/raw_data_ptb47G/MV1D1443262_R?.fastq.gz
MV1D1443763	test_data/raw_data_ptb47G/MV1D1443763_R?.fastq.gz
MV1D1444842	test_data/raw_data_ptb47G/MV1D1444842_R?.fastq.gz
MV1D1445155	test_data/raw_data_ptb47G/MV1D1445155_R?.fastq.gz
MV1D1445687	test_data/raw_data_ptb47G/MV1D1445687_R?.fastq.gz
MV1D1447661	test_data/raw_data_ptb47G/MV1D1447661_R?.fastq.gz
MV1D1450692	test_data/raw_data_ptb47G/MV1D1450692_R?.fastq.gz
MV1D1451080	test_data/raw_data_ptb47G/MV1D1451080_R?.fastq.gz
MV1D1456637	test_data/raw_data_ptb47G/MV1D1456637_R?.fastq.gz
MV1D1457103	test_data/raw_data_ptb47G/MV1D1457103_R?.fastq.gz
MV1D1457623	test_data/raw_data_ptb47G/MV1D1457623_R?.fastq.gz
MV1D1458298	test_data/raw_data_ptb47G/MV1D1458298_R?.fastq.gz
MV1D1458356	test_data/raw_data_ptb47G/MV1D1458356_R?.fastq.gz
MV1D1459188	test_data/raw_data_ptb47G/MV1D1459188_R?.fastq.gz
MV1D1460172	test_data/raw_data_ptb47G/MV1D1460172_R?.fastq.gz
MV1D1463705	test_data/raw_data_ptb47G/MV1D1463705_R?.fastq.gz
MV1D1463862	test_data/raw_data_ptb47G/MV1D1463862_R?.fastq.gz
MV1D1466865	test_data/raw_data_ptb47G/MV1D1466865_R?.fastq.gz
MV1D1467817	test_data/raw_data_ptb47G/MV1D1467817_R?.fastq.gz
MV1D1470689	test_data/raw_data_ptb47G/MV1D1470689_R?.fastq.gz
MV1D1473356	test_data/raw_data_ptb47G/MV1D1473356_R?.fastq.gz
MV1D1477157	test_data/raw_data_ptb47G/MV1D1477157_R?.fastq.gz
MV1D1479816	test_data/raw_data_ptb47G/MV1D1479816_R?.fastq.gz
MV1D1479847	test_data/raw_data_ptb47G/MV1D1479847_R?.fastq.gz
MV1D1480223	test_data/raw_data_ptb47G/MV1D1480223_R?.fastq.gz
MV1D1481504	test_data/raw_data_ptb47G/MV1D1481504_R?.fastq.gz
MV1D1482093	test_data/raw_data_ptb47G/MV1D1482093_R?.fastq.gz
MV1D1485387	test_data/raw_data_ptb47G/MV1D1485387_R?.fastq.gz
MV1D1490015	test_data/raw_data_ptb47G/MV1D1490015_R?.fastq.gz
MV1D1491605	test_data/raw_data_ptb47G/MV1D1491605_R?.fastq.gz
MV1D1493390	test_data/raw_data_ptb47G/MV1D1493390_R?.fastq.gz
MV1D1495453	test_data/raw_data_ptb47G/MV1D1495453_R?.fastq.gz
MV1D1496855	test_data/raw_data_ptb47G/MV1D1496855_R?.fastq.gz
MV1D1497945	test_data/raw_data_ptb47G/MV1D1497945_R?.fastq.gz
MV1D1498204	test_data/raw_data_ptb47G/MV1D1498204_R?.fastq.gz
MV1D1498343	test_data/raw_data_ptb47G/MV1D1498343_R?.fastq.gz
MV1D1499550	test_data/raw_data_ptb47G/MV1D1499550_R?.fastq.gz
MV1D1499807	test_data/raw_data_ptb47G/MV1D1499807_R?.fastq.gz
MV1D1502860	test_data/raw_data_ptb47G/MV1D1502860_R?.fastq.gz
MV1D1502958	test_data/raw_data_ptb47G/MV1D1502958_R?.fastq.gz
MV1D1505846	test_data/raw_data_ptb47G/MV1D1505846_R?.fastq.gz
MV1D1506632	test_data/raw_data_ptb47G/MV1D1506632_R?.fastq.gz
MV1D1507796	test_data/raw_data_ptb47G/MV1D1507796_R?.fastq.gz
MV1D1512391	test_data/raw_data_ptb47G/MV1D1512391_R?.fastq.gz
MV1D1512654	test_data/raw_data_ptb47G/MV1D1512654_R?.fastq.gz
MV1D1513735	test_data/raw_data_ptb47G/MV1D1513735_R?.fastq.gz
MV1D1513931	test_data/raw_data_ptb47G/MV1D1513931_R?.fastq.gz
MV1D1515000	test_data/raw_data_ptb47G/MV1D1515000_R?.fastq.gz
MV1D1515249	test_data/raw_data_ptb47G/MV1D1515249_R?.fastq.gz
MV1D1515353	test_data/raw_data_ptb47G/MV1D1515353_R?.fastq.gz
MV1D1515702	test_data/raw_data_ptb47G/MV1D1515702_R?.fastq.gz
MV1D1516376	test_data/raw_data_ptb47G/MV1D1516376_R?.fastq.gz
MV1D1519242	test_data/raw_data_ptb47G/MV1D1519242_R?.fastq.gz
MV1D1520802	test_data/raw_data_ptb47G/MV1D1520802_R?.fastq.gz
MV1D1521124	test_data/raw_data_ptb47G/MV1D1521124_R?.fastq.gz
MV1D1522767	test_data/raw_data_ptb47G/MV1D1522767_R?.fastq.gz
MV1D1525627	test_data/raw_data_ptb47G/MV1D1525627_R?.fastq.gz
MV1D1527343	test_data/raw_data_ptb47G/MV1D1527343_R?.fastq.gz
MV1D1529923	test_data/raw_data_ptb47G/MV1D1529923_R?.fastq.gz
MV1D1533273	test_data/raw_data_ptb47G/MV1D1533273_R?.fastq.gz
MV1D1533320	test_data/raw_data_ptb47G/MV1D1533320_R?.fastq.gz
MV1D1535141	test_data/raw_data_ptb47G/MV1D1535141_R?.fastq.gz
MV1D1539500	test_data/raw_data_ptb47G/MV1D1539500_R?.fastq.gz
MV1D1540729	test_data/raw_data_ptb47G/MV1D1540729_R?.fastq.gz
MV1D1542187	test_data/raw_data_ptb47G/MV1D1542187_R?.fastq.gz
MV1D1543097	test_data/raw_data_ptb47G/MV1D1543097_R?.fastq.gz
MV1D1543101	test_data/raw_data_ptb47G/MV1D1543101_R?.fastq.gz
MV1D1547318	test_data/raw_data_ptb47G/MV1D1547318_R?.fastq.gz
MV1D1548412	test_data/raw_data_ptb47G/MV1D1548412_R?.fastq.gz
MV1D1552166	test_data/raw_data_ptb47G/MV1D1552166_R?.fastq.gz
MV1D1553415	test_data/raw_data_ptb47G/MV1D1553415_R?.fastq.gz
MV1D1554295	test_data/raw_data_ptb47G/MV1D1554295_R?.fastq.gz
MV1D1554578	test_data/raw_data_ptb47G/MV1D1554578_R?.fastq.gz
MV1D1557461	test_data/raw_data_ptb47G/MV1D1557461_R?.fastq.gz
MV1D1557661	test_data/raw_data_ptb47G/MV1D1557661_R?.fastq.gz
MV1D1558992	test_data/raw_data_ptb47G/MV1D1558992_R?.fastq.gz
MV1D1559032	test_data/raw_data_ptb47G/MV1D1559032_R?.fastq.gz
MV1D1560144	test_data/raw_data_ptb47G/MV1D1560144_R?.fastq.gz
MV1D1562144	test_data/raw_data_ptb47G/MV1D1562144_R?.fastq.gz
MV1D1562178	test_data/raw_data_ptb47G/MV1D1562178_R?.fastq.gz
MV1D1562349	test_data/raw_data_ptb47G/MV1D1562349_R?.fastq.gz
MV1D1563186	test_data/raw_data_ptb47G/MV1D1563186_R?.fastq.gz
MV1D1565253	test_data/raw_data_ptb47G/MV1D1565253_R?.fastq.gz
MV1D1571020	test_data/raw_data_ptb47G/MV1D1571020_R?.fastq.gz
MV1D1571092	test_data/raw_data_ptb47G/MV1D1571092_R?.fastq.gz
MV1D1574603	test_data/raw_data_ptb47G/MV1D1574603_R?.fastq.gz
MV1D1574772	test_data/raw_data_ptb47G/MV1D1574772_R?.fastq.gz
MV1D1575745	test_data/raw_data_ptb47G/MV1D1575745_R?.fastq.gz
MV1D1576804	test_data/raw_data_ptb47G/MV1D1576804_R?.fastq.gz
MV1D1578199	test_data/raw_data_ptb47G/MV1D1578199_R?.fastq.gz
MV1D1578445	test_data/raw_data_ptb47G/MV1D1578445_R?.fastq.gz
MV1D1580377	test_data/raw_data_ptb47G/MV1D1580377_R?.fastq.gz
MV1D1583038	test_data/raw_data_ptb47G/MV1D1583038_R?.fastq.gz
MV1D1583077	test_data/raw_data_ptb47G/MV1D1583077_R?.fastq.gz
MV1D1584782	test_data/raw_data_ptb47G/MV1D1584782_R?.fastq.gz
MV1D1586609	test_data/raw_data_ptb47G/MV1D1586609_R?.fastq.gz
MV1D1588368	test_data/raw_data_ptb47G/MV1D1588368_R?.fastq.gz
MV1D1590940	test_data/raw_data_ptb47G/MV1D1590940_R?.fastq.gz
MV1D1591459	test_data/raw_data_ptb47G/MV1D1591459_R?.fastq.gz
MV1D1592574	test_data/raw_data_ptb47G/MV1D1592574_R?.fastq.gz
MV1D1595042	test_data/raw_data_ptb47G/MV1D1595042_R?.fastq.gz
MV1D1595664	test_data/raw_data_ptb47G/MV1D1595664_R?.fastq.gz
MV1D1599170	test_data/raw_data_ptb47G/MV1D1599170_R?.fastq.gz
MV1D1606962	test_data/raw_data_ptb47G/MV1D1606962_R?.fastq.gz
MV1D1607244	test_data/raw_data_ptb47G/MV1D1607244_R?.fastq.gz
MV1D1607749	test_data/raw_data_ptb47G/MV1D1607749_R?.fastq.gz
MV1D1608685	test_data/raw_data_ptb47G/MV1D1608685_R?.fastq.gz
MV1D1609906	test_data/raw_data_ptb47G/MV1D1609906_R?.fastq.gz
MV1D1612335	test_data/raw_data_ptb47G/MV1D1612335_R?.fastq.gz
MV1D1615658	test_data/raw_data_ptb47G/MV1D1615658_R?.fastq.gz
MV1D1616093	test_data/raw_data_ptb47G/MV1D1616093_R?.fastq.gz
MV1D1617295	test_data/raw_data_ptb47G/MV1D1617295_R?.fastq.gz
MV1D1619520	test_data/raw_data_ptb47G/MV1D1619520_R?.fastq.gz
MV1D1620099	test_data/raw_data_ptb47G/MV1D1620099_R?.fastq.gz
MV1D1622471	test_data/raw_data_ptb47G/MV1D1622471_R?.fastq.gz
MV1D1626075	test_data/raw_data_ptb47G/MV1D1626075_R?.fastq.gz
MV1D1627048	test_data/raw_data_ptb47G/MV1D1627048_R?.fastq.gz
MV1D1628403	test_data/raw_data_ptb47G/MV1D1628403_R?.fastq.gz
MV1D1628607	test_data/raw_data_ptb47G/MV1D1628607_R?.fastq.gz
MV1D1634098	test_data/raw_data_ptb47G/MV1D1634098_R?.fastq.gz
MV1D1634800	test_data/raw_data_ptb47G/MV1D1634800_R?.fastq.gz
MV1D1637761	test_data/raw_data_ptb47G/MV1D1637761_R?.fastq.gz
MV1D1640230	test_data/raw_data_ptb47G/MV1D1640230_R?.fastq.gz
MV1D1641060	test_data/raw_data_ptb47G/MV1D1641060_R?.fastq.gz
MV1D1641398	test_data/raw_data_ptb47G/MV1D1641398_R?.fastq.gz
MV1D1642303	test_data/raw_data_ptb47G/MV1D1642303_R?.fastq.gz
MV1D1643295	test_data/raw_data_ptb47G/MV1D1643295_R?.fastq.gz
MV1D1648219	test_data/raw_data_ptb47G/MV1D1648219_R?.fastq.gz
MV1D1648902	test_data/raw_data_ptb47G/MV1D1648902_R?.fastq.gz
MV1D1649301	test_data/raw_data_ptb47G/MV1D1649301_R?.fastq.gz
MV1D1652829	test_data/raw_data_ptb47G/MV1D1652829_R?.fastq.gz
MV1D1654927	test_data/raw_data_ptb47G/MV1D1654927_R?.fastq.gz
MV1D1655609	test_data/raw_data_ptb47G/MV1D1655609_R?.fastq.gz
MV1D1656418	test_data/raw_data_ptb47G/MV1D1656418_R?.fastq.gz
MV1D1660001	test_data/raw_data_ptb47G/MV1D1660001_R?.fastq.gz
MV1D1663343	test_data/raw_data_ptb47G/MV1D1663343_R?.fastq.gz
MV1D1663578	test_data/raw_data_ptb47G/MV1D1663578_R?.fastq.gz
MV1D1665594	test_data/raw_data_ptb47G/MV1D1665594_R?.fastq.gz
MV1D1666476	test_data/raw_data_ptb47G/MV1D1666476_R?.fastq.gz
MV1D1669087	test_data/raw_data_ptb47G/MV1D1669087_R?.fastq.gz
MV1D1670121	test_data/raw_data_ptb47G/MV1D1670121_R?.fastq.gz
MV1D1671067	test_data/raw_data_ptb47G/MV1D1671067_R?.fastq.gz
MV1D1671538	test_data/raw_data_ptb47G/MV1D1671538_R?.fastq.gz
MV1D1677861	test_data/raw_data_ptb47G/MV1D1677861_R?.fastq.gz
MV1D1678389	test_data/raw_data_ptb47G/MV1D1678389_R?.fastq.gz
MV1D1679742	test_data/raw_data_ptb47G/MV1D1679742_R?.fastq.gz
MV1D1681837	test_data/raw_data_ptb47G/MV1D1681837_R?.fastq.gz
MV1D1682310	test_data/raw_data_ptb47G/MV1D1682310_R?.fastq.gz
MV1D1685380	test_data/raw_data_ptb47G/MV1D1685380_R?.fastq.gz
MV1D1689466	test_data/raw_data_ptb47G/MV1D1689466_R?.fastq.gz
MV1D1691368	test_data/raw_data_ptb47G/MV1D1691368_R?.fastq.gz
MV1D1695792	test_data/raw_data_ptb47G/MV1D1695792_R?.fastq.gz
MV1D1696007	test_data/raw_data_ptb47G/MV1D1696007_R?.fastq.gz
MV1D1696975	test_data/raw_data_ptb47G/MV1D1696975_R?.fastq.gz
MV1D1698515	test_data/raw_data_ptb47G/MV1D1698515_R?.fastq.gz
MV1D1698954	test_data/raw_data_ptb47G/MV1D1698954_R?.fastq.gz
MV1D1699181	test_data/raw_data_ptb47G/MV1D1699181_R?.fastq.gz
MV1D1700460	test_data/raw_data_ptb47G/MV1D1700460_R?.fastq.gz
MV1D1702009	test_data/raw_data_ptb47G/MV1D1702009_R?.fastq.gz
MV1D1704706	test_data/raw_data_ptb47G/MV1D1704706_R?.fastq.gz
MV1D1710617	test_data/raw_data_ptb47G/MV1D1710617_R?.fastq.gz
MV1D1711779	test_data/raw_data_ptb47G/MV1D1711779_R?.fastq.gz
MV1D1715965	test_data/raw_data_ptb47G/MV1D1715965_R?.fastq.gz
MV1D1717441	test_data/raw_data_ptb47G/MV1D1717441_R?.fastq.gz
MV1D1719856	test_data/raw_data_ptb47G/MV1D1719856_R?.fastq.gz
MV1D1728087	test_data/raw_data_ptb47G/MV1D1728087_R?.fastq.gz
MV1D1728483	test_data/raw_data_ptb47G/MV1D1728483_R?.fastq.gz
MV1D1733564	test_data/raw_data_ptb47G/MV1D1733564_R?.fastq.gz
MV1D1738250	test_data/raw_data_ptb47G/MV1D1738250_R?.fastq.gz
MV1D1739506	test_data/raw_data_ptb47G/MV1D1739506_R?.fastq.gz
MV1D1739937	test_data/raw_data_ptb47G/MV1D1739937_R?.fastq.gz
MV1D1742917	test_data/raw_data_ptb47G/MV1D1742917_R?.fastq.gz
MV1D1743426	test_data/raw_data_ptb47G/MV1D1743426_R?.fastq.gz
MV1D1743971	test_data/raw_data_ptb47G/MV1D1743971_R?.fastq.gz
MV1D1744499	test_data/raw_data_ptb47G/MV1D1744499_R?.fastq.gz
MV1D1745958	test_data/raw_data_ptb47G/MV1D1745958_R?.fastq.gz
MV1D1746357	test_data/raw_data_ptb47G/MV1D1746357_R?.fastq.gz
MV1D1749822	test_data/raw_data_ptb47G/MV1D1749822_R?.fastq.gz
MV1D1752355	test_data/raw_data_ptb47G/MV1D1752355_R?.fastq.gz
MV1D1754093	test_data/raw_data_ptb47G/MV1D1754093_R?.fastq.gz
MV1D1754959	test_data/raw_data_ptb47G/MV1D1754959_R?.fastq.gz
MV1D1759418	test_data/raw_data_ptb47G/MV1D1759418_R?.fastq.gz
MV1D1761544	test_data/raw_data_ptb47G/MV1D1761544_R?.fastq.gz
MV1D1762147	test_data/raw_data_ptb47G/MV1D1762147_R?.fastq.gz
MV1D1762670	test_data/raw_data_ptb47G/MV1D1762670_R?.fastq.gz
MV1D1763430	test_data/raw_data_ptb47G/MV1D1763430_R?.fastq.gz
MV1D1767752	test_data/raw_data_ptb47G/MV1D1767752_R?.fastq.gz
MV1D1770063	test_data/raw_data_ptb47G/MV1D1770063_R?.fastq.gz
MV1D1771024	test_data/raw_data_ptb47G/MV1D1771024_R?.fastq.gz
MV1D1772470	test_data/raw_data_ptb47G/MV1D1772470_R?.fastq.gz
MV1D1772609	test_data/raw_data_ptb47G/MV1D1772609_R?.fastq.gz
MV1D1772842	test_data/raw_data_ptb47G/MV1D1772842_R?.fastq.gz
MV1D1776304	test_data/raw_data_ptb47G/MV1D1776304_R?.fastq.gz
MV1D1776810	test_data/raw_data_ptb47G/MV1D1776810_R?.fastq.gz
MV1D1776877	test_data/raw_data_ptb47G/MV1D1776877_R?.fastq.gz
MV1D1778646	test_data/raw_data_ptb47G/MV1D1778646_R?.fastq.gz
MV1D1780522	test_data/raw_data_ptb47G/MV1D1780522_R?.fastq.gz
MV1D1783083	test_data/raw_data_ptb47G/MV1D1783083_R?.fastq.gz
MV1D1784143	test_data/raw_data_ptb47G/MV1D1784143_R?.fastq.gz
MV1D1789647	test_data/raw_data_ptb47G/MV1D1789647_R?.fastq.gz
MV1D1790933	test_data/raw_data_ptb47G/MV1D1790933_R?.fastq.gz
MV1D1794696	test_data/raw_data_ptb47G/MV1D1794696_R?.fastq.gz
MV1D1798906	test_data/raw_data_ptb47G/MV1D1798906_R?.fastq.gz
MV1D1801816	test_data/raw_data_ptb47G/MV1D1801816_R?.fastq.gz
MV1D1807728	test_data/raw_data_ptb47G/MV1D1807728_R?.fastq.gz
MV1D1811139	test_data/raw_data_ptb47G/MV1D1811139_R?.fastq.gz
MV1D1813232	test_data/raw_data_ptb47G/MV1D1813232_R?.fastq.gz
MV1D1813300	test_data/raw_data_ptb47G/MV1D1813300_R?.fastq.gz
MV1D1817426	test_data/raw_data_ptb47G/MV1D1817426_R?.fastq.gz
MV1D1818862	test_data/raw_data_ptb47G/MV1D1818862_R?.fastq.gz
MV1D1819395	test_data/raw_data_ptb47G/MV1D1819395_R?.fastq.gz
MV1D1822635	test_data/raw_data_ptb47G/MV1D1822635_R?.fastq.gz
MV1D1823376	test_data/raw_data_ptb47G/MV1D1823376_R?.fastq.gz
MV1D1827482	test_data/raw_data_ptb47G/MV1D1827482_R?.fastq.gz
MV1D1828867	test_data/raw_data_ptb47G/MV1D1828867_R?.fastq.gz
MV1D1828958	test_data/raw_data_ptb47G/MV1D1828958_R?.fastq.gz
MV1D1829288	test_data/raw_data_ptb47G/MV1D1829288_R?.fastq.gz
MV1D1832830	test_data/raw_data_ptb47G/MV1D1832830_R?.fastq.gz
MV1D1834591	test_data/raw_data_ptb47G/MV1D1834591_R?.fastq.gz
MV1D1838079	test_data/raw_data_ptb47G/MV1D1838079_R?.fastq.gz
MV1D1841235	test_data/raw_data_ptb47G/MV1D1841235_R?.fastq.gz
MV1D1843577	test_data/raw_data_ptb47G/MV1D1843577_R?.fastq.gz
MV1D1848312	test_data/raw_data_ptb47G/MV1D1848312_R?.fastq.gz
MV1D1848977	test_data/raw_data_ptb47G/MV1D1848977_R?.fastq.gz
MV1D1855098	test_data/raw_data_ptb47G/MV1D1855098_R?.fastq.gz
MV1D1856590	test_data/raw_data_ptb47G/MV1D1856590_R?.fastq.gz
MV1D1858932	test_data/raw_data_ptb47G/MV1D1858932_R?.fastq.gz
MV1D1859378	test_data/raw_data_ptb47G/MV1D1859378_R?.fastq.gz
MV1D1859404	test_data/raw_data_ptb47G/MV1D1859404_R?.fastq.gz
MV1D1860469	test_data/raw_data_ptb47G/MV1D1860469_R?.fastq.gz
MV1D1861036	test_data/raw_data_ptb47G/MV1D1861036_R?.fastq.gz
MV1D1865262	test_data/raw_data_ptb47G/MV1D1865262_R?.fastq.gz
MV1D1866096	test_data/raw_data_ptb47G/MV1D1866096_R?.fastq.gz
MV1D1866811	test_data/raw_data_ptb47G/MV1D1866811_R?.fastq.gz
MV1D1867987	test_data/raw_data_ptb47G/MV1D1867987_R?.fastq.gz
MV1D1871548	test_data/raw_data_ptb47G/MV1D1871548_R?.fastq.gz
MV1D1876187	test_data/raw_data_ptb47G/MV1D1876187_R?.fastq.gz
MV1D1877605	test_data/raw_data_ptb47G/MV1D1877605_R?.fastq.gz
MV1D1878001	test_data/raw_data_ptb47G/MV1D1878001_R?.fastq.gz
MV1D1885726	test_data/raw_data_ptb47G/MV1D1885726_R?.fastq.gz
MV1D1885940	test_data/raw_data_ptb47G/MV1D1885940_R?.fastq.gz
MV1D1892428	test_data/raw_data_ptb47G/MV1D1892428_R?.fastq.gz
MV1D1895008	test_data/raw_data_ptb47G/MV1D1895008_R?.fastq.gz
MV1D1900610	test_data/raw_data_ptb47G/MV1D1900610_R?.fastq.gz
MV1D1901341	test_data/raw_data_ptb47G/MV1D1901341_R?.fastq.gz
MV1D1904247	test_data/raw_data_ptb47G/MV1D1904247_R?.fastq.gz
MV1D1904558	test_data/raw_data_ptb47G/MV1D1904558_R?.fastq.gz
MV1D1905206	test_data/raw_data_ptb47G/MV1D1905206_R?.fastq.gz
MV1D1910143	test_data/raw_data_ptb47G/MV1D1910143_R?.fastq.gz
MV1D1910798	test_data/raw_data_ptb47G/MV1D1910798_R?.fastq.gz
MV1D1912886	test_data/raw_data_ptb47G/MV1D1912886_R?.fastq.gz
MV1D1916179	test_data/raw_data_ptb47G/MV1D1916179_R?.fastq.gz
MV1D1918261	test_data/raw_data_ptb47G/MV1D1918261_R?.fastq.gz
MV1D1919978	test_data/raw_data_ptb47G/MV1D1919978_R?.fastq.gz
MV1D1923338	test_data/raw_data_ptb47G/MV1D1923338_R?.fastq.gz
MV1D1925810	test_data/raw_data_ptb47G/MV1D1925810_R?.fastq.gz
MV1D1927770	test_data/raw_data_ptb47G/MV1D1927770_R?.fastq.gz
MV1D1929966	test_data/raw_data_ptb47G/MV1D1929966_R?.fastq.gz
MV1D1931429	test_data/raw_data_ptb47G/MV1D1931429_R?.fastq.gz
MV1D1937429	test_data/raw_data_ptb47G/MV1D1937429_R?.fastq.gz
MV1D1937823	test_data/raw_data_ptb47G/MV1D1937823_R?.fastq.gz
MV1D1938123	test_data/raw_data_ptb47G/MV1D1938123_R?.fastq.gz
MV1D1942009	test_data/raw_data_ptb47G/MV1D1942009_R?.fastq.gz
MV1D1945343	test_data/raw_data_ptb47G/MV1D1945343_R?.fastq.gz
MV1D1945774	test_data/raw_data_ptb47G/MV1D1945774_R?.fastq.gz
MV1D1948241	test_data/raw_data_ptb47G/MV1D1948241_R?.fastq.gz
MV1D1948701	test_data/raw_data_ptb47G/MV1D1948701_R?.fastq.gz
MV1D1948839	test_data/raw_data_ptb47G/MV1D1948839_R?.fastq.gz
MV1D1949063	test_data/raw_data_ptb47G/MV1D1949063_R?.fastq.gz
MV1D1950171	test_data/raw_data_ptb47G/MV1D1950171_R?.fastq.gz
MV1D1950396	test_data/raw_data_ptb47G/MV1D1950396_R?.fastq.gz
MV1D1951076	test_data/raw_data_ptb47G/MV1D1951076_R?.fastq.gz
MV1D1954603	test_data/raw_data_ptb47G/MV1D1954603_R?.fastq.gz
MV1D1956909	test_data/raw_data_ptb47G/MV1D1956909_R?.fastq.gz
MV1D1957685	test_data/raw_data_ptb47G/MV1D1957685_R?.fastq.gz
MV1D1960292	test_data/raw_data_ptb47G/MV1D1960292_R?.fastq.gz
MV1D1963393	test_data/raw_data_ptb47G/MV1D1963393_R?.fastq.gz
MV1D1963577	test_data/raw_data_ptb47G/MV1D1963577_R?.fastq.gz
MV1D1967676	test_data/raw_data_ptb47G/MV1D1967676_R?.fastq.gz
MV1D1967845	test_data/raw_data_ptb47G/MV1D1967845_R?.fastq.gz
MV1D1969828	test_data/raw_data_ptb47G/MV1D1969828_R?.fastq.gz
MV1D1971623	test_data/raw_data_ptb47G/MV1D1971623_R?.fastq.gz
MV1D1972053	test_data/raw_data_ptb47G/MV1D1972053_R?.fastq.gz
MV1D1974908	test_data/raw_data_ptb47G/MV1D1974908_R?.fastq.gz
MV1D1976354	test_data/raw_data_ptb47G/MV1D1976354_R?.fastq.gz
MV1D1979357	test_data/raw_data_ptb47G/MV1D1979357_R?.fastq.gz
MV1D1979382	test_data/raw_data_ptb47G/MV1D1979382_R?.fastq.gz
MV1D1983250	test_data/raw_data_ptb47G/MV1D1983250_R?.fastq.gz
MV1D1983621	test_data/raw_data_ptb47G/MV1D1983621_R?.fastq.gz
MV1D1983674	test_data/raw_data_ptb47G/MV1D1983674_R?.fastq.gz
MV1D1984480	test_data/raw_data_ptb47G/MV1D1984480_R?.fastq.gz
MV1D1984797	test_data/raw_data_ptb47G/MV1D1984797_R?.fastq.gz
MV1D1987832	test_data/raw_data_ptb47G/MV1D1987832_R?.fastq.gz
MV1D1988117	test_data/raw_data_ptb47G/MV1D1988117_R?.fastq.gz
MV1D1988575	test_data/raw_data_ptb47G/MV1D1988575_R?.fastq.gz
MV1D1991282	test_data/raw_data_ptb47G/MV1D1991282_R?.fastq.gz
MV1D1992893	test_data/raw_data_ptb47G/MV1D1992893_R?.fastq.gz
MV1D1994758	test_data/raw_data_ptb47G/MV1D1994758_R?.fastq.gz
MV1R1001339	test_data/raw_data_ptb47T/MV1R1001339_R?.fastq.gz
MV1R1001634	test_data/raw_data_ptb47T/MV1R1001634_R?.fastq.gz
MV1R1003791	test_data/raw_data_ptb47T/MV1R1003791_R?.fastq.gz
MV1R1009595	test_data/raw_data_ptb47T/MV1R1009595_R?.fastq.gz
MV1R1014839	test_data/raw_data_ptb47T/MV1R1014839_R?.fastq.gz
MV1R1016354	test_data/raw_data_ptb47T/MV1R1016354_R?.fastq.gz
MV1R1018026	test_data/raw_data_ptb47T/MV1R1018026_R?.fastq.gz
MV1R1020155	test_data/raw_data_ptb47T/MV1R1020155_R?.fastq.gz
MV1R1020274	test_data/raw_data_ptb47T/MV1R1020274_R?.fastq.gz
MV1R1024932	test_data/raw_data_ptb47T/MV1R1024932_R?.fastq.gz
MV1R1026058	test_data/raw_data_ptb47T/MV1R1026058_R?.fastq.gz
MV1R1029377	test_data/raw_data_ptb47T/MV1R1029377_R?.fastq.gz
MV1R1032912	test_data/raw_data_ptb47T/MV1R1032912_R?.fastq.gz
MV1R1043582	test_data/raw_data_ptb47T/MV1R1043582_R?.fastq.gz
MV1R1045018	test_data/raw_data_ptb47T/MV1R1045018_R?.fastq.gz
MV1R1047563	test_data/raw_data_ptb47T/MV1R1047563_R?.fastq.gz
MV1R1049786	test_data/raw_data_ptb47T/MV1R1049786_R?.fastq.gz
MV1R1050807	test_data/raw_data_ptb47T/MV1R1050807_R?.fastq.gz
MV1R1054634	test_data/raw_data_ptb47T/MV1R1054634_R?.fastq.gz
MV1R1058071	test_data/raw_data_ptb47T/MV1R1058071_R?.fastq.gz
MV1R1063221	test_data/raw_data_ptb47T/MV1R1063221_R?.fastq.gz
MV1R1065406	test_data/raw_data_ptb47T/MV1R1065406_R?.fastq.gz
MV1R1068049	test_data/raw_data_ptb47T/MV1R1068049_R?.fastq.gz
MV1R1073285	test_data/raw_data_ptb47T/MV1R1073285_R?.fastq.gz
MV1R1073798	test_data/raw_data_ptb47T/MV1R1073798_R?.fastq.gz
MV1R1074685	test_data/raw_data_ptb47T/MV1R1074685_R?.fastq.gz
MV1R1075284	test_data/raw_data_ptb47T/MV1R1075284_R?.fastq.gz
MV1R1075486	test_data/raw_data_ptb47T/MV1R1075486_R?.fastq.gz
MV1R1079536	test_data/raw_data_ptb47T/MV1R1079536_R?.fastq.gz
MV1R1083838	test_data/raw_data_ptb47T/MV1R1083838_R?.fastq.gz
MV1R1089088	test_data/raw_data_ptb47T/MV1R1089088_R?.fastq.gz
MV1R1090644	test_data/raw_data_ptb47T/MV1R1090644_R?.fastq.gz
MV1R1092299	test_data/raw_data_ptb47T/MV1R1092299_R?.fastq.gz
MV1R1092979	test_data/raw_data_ptb47T/MV1R1092979_R?.fastq.gz
MV1R1093079	test_data/raw_data_ptb47T/MV1R1093079_R?.fastq.gz
MV1R1094502	test_data/raw_data_ptb47T/MV1R1094502_R?.fastq.gz
MV1R1095032	test_data/raw_data_ptb47T/MV1R1095032_R?.fastq.gz
MV1R1099012	test_data/raw_data_ptb47T/MV1R1099012_R?.fastq.gz
MV1R1105409	test_data/raw_data_ptb47T/MV1R1105409_R?.fastq.gz
MV1R1109719	test_data/raw_data_ptb47T/MV1R1109719_R?.fastq.gz
MV1R1110918	test_data/raw_data_ptb47T/MV1R1110918_R?.fastq.gz
MV1R1116016	test_data/raw_data_ptb47T/MV1R1116016_R?.fastq.gz
MV1R1125350	test_data/raw_data_ptb47T/MV1R1125350_R?.fastq.gz
MV1R1132805	test_data/raw_data_ptb47T/MV1R1132805_R?.fastq.gz
MV1R1144969	test_data/raw_data_ptb47T/MV1R1144969_R?.fastq.gz
MV1R1146899	test_data/raw_data_ptb47T/MV1R1146899_R?.fastq.gz
MV1R1162633	test_data/raw_data_ptb47T/MV1R1162633_R?.fastq.gz
MV1R1168264	test_data/raw_data_ptb47T/MV1R1168264_R?.fastq.gz
MV1R1171168	test_data/raw_data_ptb47T/MV1R1171168_R?.fastq.gz
MV1R1174025	test_data/raw_data_ptb47T/MV1R1174025_R?.fastq.gz
MV1R1174253	test_data/raw_data_ptb47T/MV1R1174253_R?.fastq.gz
MV1R1175672	test_data/raw_data_ptb47T/MV1R1175672_R?.fastq.gz
MV1R1176805	test_data/raw_data_ptb47T/MV1R1176805_R?.fastq.gz
MV1R1180980	test_data/raw_data_ptb47T/MV1R1180980_R?.fastq.gz
MV1R1182001	test_data/raw_data_ptb47T/MV1R1182001_R?.fastq.gz
MV1R1182203	test_data/raw_data_ptb47T/MV1R1182203_R?.fastq.gz
MV1R1182640	test_data/raw_data_ptb47T/MV1R1182640_R?.fastq.gz
MV1R1185643	test_data/raw_data_ptb47T/MV1R1185643_R?.fastq.gz
MV1R1187336	test_data/raw_data_ptb47T/MV1R1187336_R?.fastq.gz
MV1R1193466	test_data/raw_data_ptb47T/MV1R1193466_R?.fastq.gz
MV1R1200302	test_data/raw_data_ptb47T/MV1R1200302_R?.fastq.gz
MV1R1202155	test_data/raw_data_ptb47T/MV1R1202155_R?.fastq.gz
MV1R1207917	test_data/raw_data_ptb47T/MV1R1207917_R?.fastq.gz
MV1R1209672	test_data/raw_data_ptb47T/MV1R1209672_R?.fastq.gz
MV1R1210441	test_data/raw_data_ptb47T/MV1R1210441_R?.fastq.gz
MV1R1213240	test_data/raw_data_ptb47T/MV1R1213240_R?.fastq.gz
MV1R1213720	test_data/raw_data_ptb47T/MV1R1213720_R?.fastq.gz
MV1R1223836	test_data/raw_data_ptb47T/MV1R1223836_R?.fastq.gz
MV1R1224565	test_data/raw_data_ptb47T/MV1R1224565_R?.fastq.gz
MV1R1228053	test_data/raw_data_ptb47T/MV1R1228053_R?.fastq.gz
MV1R1228226	test_data/raw_data_ptb47T/MV1R1228226_R?.fastq.gz
MV1R1232778	test_data/raw_data_ptb47T/MV1R1232778_R?.fastq.gz
MV1R1238110	test_data/raw_data_ptb47T/MV1R1238110_R?.fastq.gz
MV1R1239655	test_data/raw_data_ptb47T/MV1R1239655_R?.fastq.gz
MV1R1242328	test_data/raw_data_ptb47T/MV1R1242328_R?.fastq.gz
MV1R1243595	test_data/raw_data_ptb47T/MV1R1243595_R?.fastq.gz
MV1R1245641	test_data/raw_data_ptb47T/MV1R1245641_R?.fastq.gz
MV1R1246482	test_data/raw_data_ptb47T/MV1R1246482_R?.fastq.gz
MV1R1260034	test_data/raw_data_ptb47T/MV1R1260034_R?.fastq.gz
MV1R1263861	test_data/raw_data_ptb47T/MV1R1263861_R?.fastq.gz
MV1R1272415	test_data/raw_data_ptb47T/MV1R1272415_R?.fastq.gz
MV1R1272426	test_data/raw_data_ptb47T/MV1R1272426_R?.fastq.gz
MV1R1278561	test_data/raw_data_ptb47T/MV1R1278561_R?.fastq.gz
MV1R1283231	test_data/raw_data_ptb47T/MV1R1283231_R?.fastq.gz
MV1R1285230	test_data/raw_data_ptb47T/MV1R1285230_R?.fastq.gz
MV1R1286964	test_data/raw_data_ptb47T/MV1R1286964_R?.fastq.gz
MV1R1288209	test_data/raw_data_ptb47T/MV1R1288209_R?.fastq.gz
MV1R1299646	test_data/raw_data_ptb47T/MV1R1299646_R?.fastq.gz
MV1R1301771	test_data/raw_data_ptb47T/MV1R1301771_R?.fastq.gz
MV1R1306211	test_data/raw_data_ptb47T/MV1R1306211_R?.fastq.gz
MV1R1306228	test_data/raw_data_ptb47T/MV1R1306228_R?.fastq.gz
MV1R1310210	test_data/raw_data_ptb47T/MV1R1310210_R?.fastq.gz
MV1R1318624	test_data/raw_data_ptb47T/MV1R1318624_R?.fastq.gz
MV1R1320139	test_data/raw_data_ptb47T/MV1R1320139_R?.fastq.gz
MV1R1335348	test_data/raw_data_ptb47T/MV1R1335348_R?.fastq.gz
MV1R1335494	test_data/raw_data_ptb47T/MV1R1335494_R?.fastq.gz
MV1R1338523	test_data/raw_data_ptb47T/MV1R1338523_R?.fastq.gz
MV1R1342273	test_data/raw_data_ptb47T/MV1R1342273_R?.fastq.gz
MV1R1346756	test_data/raw_data_ptb47T/MV1R1346756_R?.fastq.gz
MV1R1348016	test_data/raw_data_ptb47T/MV1R1348016_R?.fastq.gz
MV1R1350489	test_data/raw_data_ptb47T/MV1R1350489_R?.fastq.gz
MV1R1351292	test_data/raw_data_ptb47T/MV1R1351292_R?.fastq.gz
MV1R1355995	test_data/raw_data_ptb47T/MV1R1355995_R?.fastq.gz
MV1R1361754	test_data/raw_data_ptb47T/MV1R1361754_R?.fastq.gz
MV1R1366421	test_data/raw_data_ptb47T/MV1R1366421_R?.fastq.gz
MV1R1366579	test_data/raw_data_ptb47T/MV1R1366579_R?.fastq.gz
MV1R1368452	test_data/raw_data_ptb47T/MV1R1368452_R?.fastq.gz
MV1R1369315	test_data/raw_data_ptb47T/MV1R1369315_R?.fastq.gz
MV1R1374170	test_data/raw_data_ptb47T/MV1R1374170_R?.fastq.gz
MV1R1379112	test_data/raw_data_ptb47T/MV1R1379112_R?.fastq.gz
MV1R1383765	test_data/raw_data_ptb47T/MV1R1383765_R?.fastq.gz
MV1R1385403	test_data/raw_data_ptb47T/MV1R1385403_R?.fastq.gz
MV1R1385665	test_data/raw_data_ptb47T/MV1R1385665_R?.fastq.gz
MV1R1386325	test_data/raw_data_ptb47T/MV1R1386325_R?.fastq.gz
MV1R1390145	test_data/raw_data_ptb47T/MV1R1390145_R?.fastq.gz
MV1R1392277	test_data/raw_data_ptb47T/MV1R1392277_R?.fastq.gz
MV1R1395010	test_data/raw_data_ptb47T/MV1R1395010_R?.fastq.gz
MV1R1399773	test_data/raw_data_ptb47T/MV1R1399773_R?.fastq.gz
MV1R1406991	test_data/raw_data_ptb47T/MV1R1406991_R?.fastq.gz
MV1R1407644	test_data/raw_data_ptb47T/MV1R1407644_R?.fastq.gz
MV1R1409156	test_data/raw_data_ptb47T/MV1R1409156_R?.fastq.gz
MV1R1413639	test_data/raw_data_ptb47T/MV1R1413639_R?.fastq.gz
MV1R1415705	test_data/raw_data_ptb47T/MV1R1415705_R?.fastq.gz
MV1R1421964	test_data/raw_data_ptb47T/MV1R1421964_R?.fastq.gz
MV1R1424725	test_data/raw_data_ptb47T/MV1R1424725_R?.fastq.gz
MV1R1426006	test_data/raw_data_ptb47T/MV1R1426006_R?.fastq.gz
MV1R1426059	test_data/raw_data_ptb47T/MV1R1426059_R?.fastq.gz
MV1R1428634	test_data/raw_data_ptb47T/MV1R1428634_R?.fastq.gz
MV1R1438344	test_data/raw_data_ptb47T/MV1R1438344_R?.fastq.gz
MV1R1439996	test_data/raw_data_ptb47T/MV1R1439996_R?.fastq.gz
MV1R1451080	test_data/raw_data_ptb47T/MV1R1451080_R?.fastq.gz
MV1R1457103	test_data/raw_data_ptb47T/MV1R1457103_R?.fastq.gz
MV1R1460172	test_data/raw_data_ptb47T/MV1R1460172_R?.fastq.gz
MV1R1463705	test_data/raw_data_ptb47T/MV1R1463705_R?.fastq.gz
MV1R1463862	test_data/raw_data_ptb47T/MV1R1463862_R?.fastq.gz
MV1R1470689	test_data/raw_data_ptb47T/MV1R1470689_R?.fastq.gz
MV1R1477157	test_data/raw_data_ptb47T/MV1R1477157_R?.fastq.gz
MV1R1477780	test_data/raw_data_ptb47T/MV1R1477780_R?.fastq.gz
MV1R1478008	test_data/raw_data_ptb47T/MV1R1478008_R?.fastq.gz
MV1R1481504	test_data/raw_data_ptb47T/MV1R1481504_R?.fastq.gz
MV1R1490015	test_data/raw_data_ptb47T/MV1R1490015_R?.fastq.gz
MV1R1491605	test_data/raw_data_ptb47T/MV1R1491605_R?.fastq.gz
MV1R1495453	test_data/raw_data_ptb47T/MV1R1495453_R?.fastq.gz
MV1R1496855	test_data/raw_data_ptb47T/MV1R1496855_R?.fastq.gz
MV1R1498204	test_data/raw_data_ptb47T/MV1R1498204_R?.fastq.gz
MV1R1502958	test_data/raw_data_ptb47T/MV1R1502958_R?.fastq.gz
MV1R1506632	test_data/raw_data_ptb47T/MV1R1506632_R?.fastq.gz
MV1R1513931	test_data/raw_data_ptb47T/MV1R1513931_R?.fastq.gz
MV1R1516376	test_data/raw_data_ptb47T/MV1R1516376_R?.fastq.gz
MV1R1521124	test_data/raw_data_ptb47T/MV1R1521124_R?.fastq.gz
MV1R1522767	test_data/raw_data_ptb47T/MV1R1522767_R?.fastq.gz
MV1R1525627	test_data/raw_data_ptb47T/MV1R1525627_R?.fastq.gz
MV1R1529923	test_data/raw_data_ptb47T/MV1R1529923_R?.fastq.gz
MV1R1533273	test_data/raw_data_ptb47T/MV1R1533273_R?.fastq.gz
MV1R1543101	test_data/raw_data_ptb47T/MV1R1543101_R?.fastq.gz
MV1R1553415	test_data/raw_data_ptb47T/MV1R1553415_R?.fastq.gz
MV1R1554295	test_data/raw_data_ptb47T/MV1R1554295_R?.fastq.gz
MV1R1554578	test_data/raw_data_ptb47T/MV1R1554578_R?.fastq.gz
MV1R1554789	test_data/raw_data_ptb47T/MV1R1554789_R?.fastq.gz
MV1R1559032	test_data/raw_data_ptb47T/MV1R1559032_R?.fastq.gz
MV1R1560144	test_data/raw_data_ptb47T/MV1R1560144_R?.fastq.gz
MV1R1562144	test_data/raw_data_ptb47T/MV1R1562144_R?.fastq.gz
MV1R1562178	test_data/raw_data_ptb47T/MV1R1562178_R?.fastq.gz
MV1R1562349	test_data/raw_data_ptb47T/MV1R1562349_R?.fastq.gz
MV1R1579691	test_data/raw_data_ptb47T/MV1R1579691_R?.fastq.gz
MV1R1580377	test_data/raw_data_ptb47T/MV1R1580377_R?.fastq.gz
MV1R1584782	test_data/raw_data_ptb47T/MV1R1584782_R?.fastq.gz
MV1R1586609	test_data/raw_data_ptb47T/MV1R1586609_R?.fastq.gz
MV1R1591459	test_data/raw_data_ptb47T/MV1R1591459_R?.fastq.gz
MV1R1616093	test_data/raw_data_ptb47T/MV1R1616093_R?.fastq.gz
MV1R1619520	test_data/raw_data_ptb47T/MV1R1619520_R?.fastq.gz
MV1R1620099	test_data/raw_data_ptb47T/MV1R1620099_R?.fastq.gz
MV1R1626075	test_data/raw_data_ptb47T/MV1R1626075_R?.fastq.gz
MV1R1627048	test_data/raw_data_ptb47T/MV1R1627048_R?.fastq.gz
MV1R1634800	test_data/raw_data_ptb47T/MV1R1634800_R?.fastq.gz
MV1R1640230	test_data/raw_data_ptb47T/MV1R1640230_R?.fastq.gz
MV1R1641060	test_data/raw_data_ptb47T/MV1R1641060_R?.fastq.gz
MV1R1648219	test_data/raw_data_ptb47T/MV1R1648219_R?.fastq.gz
MV1R1648902	test_data/raw_data_ptb47T/MV1R1648902_R?.fastq.gz
MV1R1652829	test_data/raw_data_ptb47T/MV1R1652829_R?.fastq.gz
MV1R1663343	test_data/raw_data_ptb47T/MV1R1663343_R?.fastq.gz
MV1R1671067	test_data/raw_data_ptb47T/MV1R1671067_R?.fastq.gz
MV1R1671538	test_data/raw_data_ptb47T/MV1R1671538_R?.fastq.gz
MV1R1677861	test_data/raw_data_ptb47T/MV1R1677861_R?.fastq.gz
MV1R1681837	test_data/raw_data_ptb47T/MV1R1681837_R?.fastq.gz
MV1R1689466	test_data/raw_data_ptb47T/MV1R1689466_R?.fastq.gz
MV1R1728087	test_data/raw_data_ptb47T/MV1R1728087_R?.fastq.gz
MV1R1733564	test_data/raw_data_ptb47T/MV1R1733564_R?.fastq.gz
MV1R1738250	test_data/raw_data_ptb47T/MV1R1738250_R?.fastq.gz
MV1R1742917	test_data/raw_data_ptb47T/MV1R1742917_R?.fastq.gz
MV1R1743971	test_data/raw_data_ptb47T/MV1R1743971_R?.fastq.gz
MV1R1744499	test_data/raw_data_ptb47T/MV1R1744499_R?.fastq.gz
MV1R1748669	test_data/raw_data_ptb47T/MV1R1748669_R?.fastq.gz
MV1R1749095	test_data/raw_data_ptb47T/MV1R1749095_R?.fastq.gz
MV1R1752355	test_data/raw_data_ptb47T/MV1R1752355_R?.fastq.gz
MV1R1762147	test_data/raw_data_ptb47T/MV1R1762147_R?.fastq.gz
MV1R1763116	test_data/raw_data_ptb47T/MV1R1763116_R?.fastq.gz
MV1R1763430	test_data/raw_data_ptb47T/MV1R1763430_R?.fastq.gz
MV1R1767752	test_data/raw_data_ptb47T/MV1R1767752_R?.fastq.gz
MV1R1770063	test_data/raw_data_ptb47T/MV1R1770063_R?.fastq.gz
MV1R1778646	test_data/raw_data_ptb47T/MV1R1778646_R?.fastq.gz
MV1R1783083	test_data/raw_data_ptb47T/MV1R1783083_R?.fastq.gz
MV1R1789647	test_data/raw_data_ptb47T/MV1R1789647_R?.fastq.gz
MV1R1790933	test_data/raw_data_ptb47T/MV1R1790933_R?.fastq.gz
MV1R1801946	test_data/raw_data_ptb47T/MV1R1801946_R?.fastq.gz
MV1R1819395	test_data/raw_data_ptb47T/MV1R1819395_R?.fastq.gz
MV1R1823376	test_data/raw_data_ptb47T/MV1R1823376_R?.fastq.gz
MV1R1826203	test_data/raw_data_ptb47T/MV1R1826203_R?.fastq.gz
MV1R1827482	test_data/raw_data_ptb47T/MV1R1827482_R?.fastq.gz
MV1R1828958	test_data/raw_data_ptb47T/MV1R1828958_R?.fastq.gz
MV1R1834591	test_data/raw_data_ptb47T/MV1R1834591_R?.fastq.gz
MV1R1848312	test_data/raw_data_ptb47T/MV1R1848312_R?.fastq.gz
MV1R1859378	test_data/raw_data_ptb47T/MV1R1859378_R?.fastq.gz
MV1R1860469	test_data/raw_data_ptb47T/MV1R1860469_R?.fastq.gz
MV1R1861036	test_data/raw_data_ptb47T/MV1R1861036_R?.fastq.gz
MV1R1865262	test_data/raw_data_ptb47T/MV1R1865262_R?.fastq.gz
MV1R1877605	test_data/raw_data_ptb47T/MV1R1877605_R?.fastq.gz
MV1R1878001	test_data/raw_data_ptb47T/MV1R1878001_R?.fastq.gz
MV1R1885726	test_data/raw_data_ptb47T/MV1R1885726_R?.fastq.gz
MV1R1910798	test_data/raw_data_ptb47T/MV1R1910798_R?.fastq.gz
MV1R1916179	test_data/raw_data_ptb47T/MV1R1916179_R?.fastq.gz
MV1R1918749	test_data/raw_data_ptb47T/MV1R1918749_R?.fastq.gz
MV1R1919978	test_data/raw_data_ptb47T/MV1R1919978_R?.fastq.gz
MV1R1927770	test_data/raw_data_ptb47T/MV1R1927770_R?.fastq.gz
MV1R1937429	test_data/raw_data_ptb47T/MV1R1937429_R?.fastq.gz
MV1R1945774	test_data/raw_data_ptb47T/MV1R1945774_R?.fastq.gz
MV1R1948701	test_data/raw_data_ptb47T/MV1R1948701_R?.fastq.gz
MV1R1948839	test_data/raw_data_ptb47T/MV1R1948839_R?.fastq.gz
MV1R1949063	test_data/raw_data_ptb47T/MV1R1949063_R?.fastq.gz
MV1R1950171	test_data/raw_data_ptb47T/MV1R1950171_R?.fastq.gz
MV1R1950396	test_data/raw_data_ptb47T/MV1R1950396_R?.fastq.gz
MV1R1954603	test_data/raw_data_ptb47T/MV1R1954603_R?.fastq.gz
MV1R1967845	test_data/raw_data_ptb47T/MV1R1967845_R?.fastq.gz
MV1R1974908	test_data/raw_data_ptb47T/MV1R1974908_R?.fastq.gz
MV1R1979357	test_data/raw_data_ptb47T/MV1R1979357_R?.fastq.gz
MV1R1979382	test_data/raw_data_ptb47T/MV1R1979382_R?.fastq.gz
MV1R1983250	test_data/raw_data_ptb47T/MV1R1983250_R?.fastq.gz
MV1R1984480	test_data/raw_data_ptb47T/MV1R1984480_R?.fastq.gz
MV1R1987832	test_data/raw_data_ptb47T/MV1R1987832_R?.fastq.gz
MV1R1988117	test_data/raw_data_ptb47T/MV1R1988117_R?.fastq.gz
MV1R1988575	test_data/raw_data_ptb47T/MV1R1988575_R?.fastq.gz
MV1R1992893	test_data/raw_data_ptb47T/MV1R1992893_R?.fastq.gz
MV1R1994758	test_data/raw_data_ptb47T/MV1R1994758_R?.fastq.gz
MV1D1010881	test_data/raw_data/MV1D1010881_R?.fastq.gz
MV1D1011883	test_data/raw_data/MV1D1011883_R?.fastq.gz
MV1D1013875	test_data/raw_data/MV1D1013875_R?.fastq.gz
MV1D1015668	test_data/raw_data/MV1D1015668_R?.fastq.gz
MV1D1017473	test_data/raw_data/MV1D1017473_R?.fastq.gz
MV1D1027006	test_data/raw_data/MV1D1027006_R?.fastq.gz
MV1D1028595	test_data/raw_data/MV1D1028595_R?.fastq.gz
MV1D1031265	test_data/raw_data/MV1D1031265_R?.fastq.gz
MV1D1038967	test_data/raw_data/MV1D1038967_R?.fastq.gz
MV1D1055068	test_data/raw_data/MV1D1055068_R?.fastq.gz
MV1D1058059	test_data/raw_data/MV1D1058059_R?.fastq.gz
MV1D1081740	test_data/raw_data/MV1D1081740_R?.fastq.gz
MV1D1083262	test_data/raw_data/MV1D1083262_R?.fastq.gz
MV1D1089539	test_data/raw_data/MV1D1089539_R?.fastq.gz
MV1D1093079	test_data/raw_data/MV1D1093079_R?.fastq.gz
MV1D1095301	test_data/raw_data/MV1D1095301_R?.fastq.gz
MV1D1099159	test_data/raw_data/MV1D1099159_R?.fastq.gz
MV1D1111360	test_data/raw_data/MV1D1111360_R?.fastq.gz
MV1D1114487	test_data/raw_data/MV1D1114487_R?.fastq.gz
MV1D1115518	test_data/raw_data/MV1D1115518_R?.fastq.gz
MV1D1130073	test_data/raw_data/MV1D1130073_R?.fastq.gz
MV1D1148723	test_data/raw_data/MV1D1148723_R?.fastq.gz
MV1D1160402	test_data/raw_data/MV1D1160402_R?.fastq.gz
MV1D1160497	test_data/raw_data/MV1D1160497_R?.fastq.gz
MV1D1160595	test_data/raw_data/MV1D1160595_R?.fastq.gz
MV1D1166239	test_data/raw_data/MV1D1166239_R?.fastq.gz
MV1D1170858	test_data/raw_data/MV1D1170858_R?.fastq.gz
MV1D1170949	test_data/raw_data/MV1D1170949_R?.fastq.gz
MV1D1172780	test_data/raw_data/MV1D1172780_R?.fastq.gz
MV1D1173141	test_data/raw_data/MV1D1173141_R?.fastq.gz
MV1D1175646	test_data/raw_data/MV1D1175646_R?.fastq.gz
MV1D1179081	test_data/raw_data/MV1D1179081_R?.fastq.gz
MV1D1203346	test_data/raw_data/MV1D1203346_R?.fastq.gz
MV1D1210888	test_data/raw_data/MV1D1210888_R?.fastq.gz
MV1D1219997	test_data/raw_data/MV1D1219997_R?.fastq.gz
MV1D1243772	test_data/raw_data/MV1D1243772_R?.fastq.gz
MV1D1247757	test_data/raw_data/MV1D1247757_R?.fastq.gz
MV1D1250415	test_data/raw_data/MV1D1250415_R?.fastq.gz
MV1D1251052	test_data/raw_data/MV1D1251052_R?.fastq.gz
MV1D1258043	test_data/raw_data/MV1D1258043_R?.fastq.gz
MV1D1271033	test_data/raw_data/MV1D1271033_R?.fastq.gz
MV1D1281444	test_data/raw_data/MV1D1281444_R?.fastq.gz
MV1D1287256	test_data/raw_data/MV1D1287256_R?.fastq.gz
MV1D1289192	test_data/raw_data/MV1D1289192_R?.fastq.gz
MV1D1291338	test_data/raw_data/MV1D1291338_R?.fastq.gz
MV1D1299015	test_data/raw_data/MV1D1299015_R?.fastq.gz
MV1D1305329	test_data/raw_data/MV1D1305329_R?.fastq.gz
MV1D1312907	test_data/raw_data/MV1D1312907_R?.fastq.gz
MV1D1313706	test_data/raw_data/MV1D1313706_R?.fastq.gz
MV1D1321775	test_data/raw_data/MV1D1321775_R?.fastq.gz
MV1D1325160	test_data/raw_data/MV1D1325160_R?.fastq.gz
MV1D1339007	test_data/raw_data/MV1D1339007_R?.fastq.gz
MV1D1345742	test_data/raw_data/MV1D1345742_R?.fastq.gz
MV1D1353785	test_data/raw_data/MV1D1353785_R?.fastq.gz
MV1D1363943	test_data/raw_data/MV1D1363943_R?.fastq.gz
MV1D1367442	test_data/raw_data/MV1D1367442_R?.fastq.gz
MV1D1375920	test_data/raw_data/MV1D1375920_R?.fastq.gz
MV1D1377189	test_data/raw_data/MV1D1377189_R?.fastq.gz
MV1D1387140	test_data/raw_data/MV1D1387140_R?.fastq.gz
MV1D1388146	test_data/raw_data/MV1D1388146_R?.fastq.gz
MV1D1389660	test_data/raw_data/MV1D1389660_R?.fastq.gz
MV1D1396038	test_data/raw_data/MV1D1396038_R?.fastq.gz
MV1D1411297	test_data/raw_data/MV1D1411297_R?.fastq.gz
MV1D1414311	test_data/raw_data/MV1D1414311_R?.fastq.gz
MV1D1422119	test_data/raw_data/MV1D1422119_R?.fastq.gz
MV1D1425284	test_data/raw_data/MV1D1425284_R?.fastq.gz
MV1D1458420	test_data/raw_data/MV1D1458420_R?.fastq.gz
MV1D1463973	test_data/raw_data/MV1D1463973_R?.fastq.gz
MV1D1471472	test_data/raw_data/MV1D1471472_R?.fastq.gz
MV1D1478008	test_data/raw_data/MV1D1478008_R?.fastq.gz
MV1D1481661	test_data/raw_data/MV1D1481661_R?.fastq.gz
MV1D1486499	test_data/raw_data/MV1D1486499_R?.fastq.gz
MV1D1487644	test_data/raw_data/MV1D1487644_R?.fastq.gz
MV1D1501684	test_data/raw_data/MV1D1501684_R?.fastq.gz
MV1D1508935	test_data/raw_data/MV1D1508935_R?.fastq.gz
MV1D1510482	test_data/raw_data/MV1D1510482_R?.fastq.gz
MV1D1515000	test_data/raw_data/MV1D1515000_R?.fastq.gz
MV1D1523154	test_data/raw_data/MV1D1523154_R?.fastq.gz
MV1D1530755	test_data/raw_data/MV1D1530755_R?.fastq.gz
MV1D1541204	test_data/raw_data/MV1D1541204_R?.fastq.gz
MV1D1548412	test_data/raw_data/MV1D1548412_R?.fastq.gz
MV1D1549293	test_data/raw_data/MV1D1549293_R?.fastq.gz
MV1D1552623	test_data/raw_data/MV1D1552623_R?.fastq.gz
MV1D1561208	test_data/raw_data/MV1D1561208_R?.fastq.gz
MV1D1564179	test_data/raw_data/MV1D1564179_R?.fastq.gz
MV1D1573843	test_data/raw_data/MV1D1573843_R?.fastq.gz
MV1D1584673	test_data/raw_data/MV1D1584673_R?.fastq.gz
MV1D1592587	test_data/raw_data/MV1D1592587_R?.fastq.gz
MV1D1618990	test_data/raw_data/MV1D1618990_R?.fastq.gz
MV1D1619977	test_data/raw_data/MV1D1619977_R?.fastq.gz
MV1D1623314	test_data/raw_data/MV1D1623314_R?.fastq.gz
MV1D1627048	test_data/raw_data/MV1D1627048_R?.fastq.gz
MV1D1628008	test_data/raw_data/MV1D1628008_R?.fastq.gz
MV1D1628403	test_data/raw_data/MV1D1628403_R?.fastq.gz
MV1D1632670	test_data/raw_data/MV1D1632670_R?.fastq.gz
MV1D1648219	test_data/raw_data/MV1D1648219_R?.fastq.gz
MV1D1649485	test_data/raw_data/MV1D1649485_R?.fastq.gz
MV1D1670918	test_data/raw_data/MV1D1670918_R?.fastq.gz
MV1D1673339	test_data/raw_data/MV1D1673339_R?.fastq.gz
MV1D1682310	test_data/raw_data/MV1D1682310_R?.fastq.gz
MV1D1683380	test_data/raw_data/MV1D1683380_R?.fastq.gz
MV1D1685141	test_data/raw_data/MV1D1685141_R?.fastq.gz
MV1D1687539	test_data/raw_data/MV1D1687539_R?.fastq.gz
MV1D1690799	test_data/raw_data/MV1D1690799_R?.fastq.gz
MV1D1691368	test_data/raw_data/MV1D1691368_R?.fastq.gz
MV1D1698984	test_data/raw_data/MV1D1698984_R?.fastq.gz
MV1D1716442	test_data/raw_data/MV1D1716442_R?.fastq.gz
MV1D1721514	test_data/raw_data/MV1D1721514_R?.fastq.gz
MV1D1743959	test_data/raw_data/MV1D1743959_R?.fastq.gz
MV1D1759477	test_data/raw_data/MV1D1759477_R?.fastq.gz
MV1D1765138	test_data/raw_data/MV1D1765138_R?.fastq.gz
MV1D1770120	test_data/raw_data/MV1D1770120_R?.fastq.gz
MV1D1775587	test_data/raw_data/MV1D1775587_R?.fastq.gz
MV1D1795220	test_data/raw_data/MV1D1795220_R?.fastq.gz
MV1D1818885	test_data/raw_data/MV1D1818885_R?.fastq.gz
MV1D1819395	test_data/raw_data/MV1D1819395_R?.fastq.gz
MV1D1820305	test_data/raw_data/MV1D1820305_R?.fastq.gz
MV1D1825332	test_data/raw_data/MV1D1825332_R?.fastq.gz
MV1D1825530	test_data/raw_data/MV1D1825530_R?.fastq.gz
MV1D1826203	test_data/raw_data/MV1D1826203_R?.fastq.gz
MV1D1826976	test_data/raw_data/MV1D1826976_R?.fastq.gz
MV1D1829363	test_data/raw_data/MV1D1829363_R?.fastq.gz
MV1D1830593	test_data/raw_data/MV1D1830593_R?.fastq.gz
MV1D1846304	test_data/raw_data/MV1D1846304_R?.fastq.gz
MV1D1848011	test_data/raw_data/MV1D1848011_R?.fastq.gz
MV1D1852537	test_data/raw_data/MV1D1852537_R?.fastq.gz
MV1D1868353	test_data/raw_data/MV1D1868353_R?.fastq.gz
MV1D1874950	test_data/raw_data/MV1D1874950_R?.fastq.gz
MV1D1876190	test_data/raw_data/MV1D1876190_R?.fastq.gz
MV1D1877130	test_data/raw_data/MV1D1877130_R?.fastq.gz
MV1D1879308	test_data/raw_data/MV1D1879308_R?.fastq.gz
MV1D1881788	test_data/raw_data/MV1D1881788_R?.fastq.gz
MV1D1897275	test_data/raw_data/MV1D1897275_R?.fastq.gz
MV1D1910525	test_data/raw_data/MV1D1910525_R?.fastq.gz
MV1D1917401	test_data/raw_data/MV1D1917401_R?.fastq.gz
MV1D1921928	test_data/raw_data/MV1D1921928_R?.fastq.gz
MV1D1954215	test_data/raw_data/MV1D1954215_R?.fastq.gz
MV1D1961458	test_data/raw_data/MV1D1961458_R?.fastq.gz
MV1D1964032	test_data/raw_data/MV1D1964032_R?.fastq.gz
MV1D1968097	test_data/raw_data/MV1D1968097_R?.fastq.gz
VT001777	test_data/raw_data_Nova/VT001777_R?.fastq.gz
VT027752	test_data/raw_data_Nova/VT027752_R?.fastq.gz
VT036690	test_data/raw_data_Nova/VT036690_R?.fastq.gz
VT052897	test_data/raw_data_Nova/VT052897_R?.fastq.gz
VT061550	test_data/raw_data_Nova/VT061550_R?.fastq.gz
VT075584	test_data/raw_data_Nova/VT075584_R?.fastq.gz
VT079593	test_data/raw_data_Nova/VT079593_R?.fastq.gz
VT102021	test_data/raw_data_Nova/VT102021_R?.fastq.gz
VT106024	test_data/raw_data_Nova/VT106024_R?.fastq.gz
VT123438	test_data/raw_data_Nova/VT123438_R?.fastq.gz
VT139481	test_data/raw_data_Nova/VT139481_R?.fastq.gz
VT165576	test_data/raw_data_Nova/VT165576_R?.fastq.gz
VT177086	test_data/raw_data_Nova/VT177086_R?.fastq.gz
VT180848	test_data/raw_data_Nova/VT180848_R?.fastq.gz
VT192942	test_data/raw_data_Nova/VT192942_R?.fastq.gz
VT202726	test_data/raw_data_Nova/VT202726_R?.fastq.gz
VT202732	test_data/raw_data_Nova/VT202732_R?.fastq.gz
VT204290	test_data/raw_data_Nova/VT204290_R?.fastq.gz
VT217768	test_data/raw_data_Nova/VT217768_R?.fastq.gz
VT223679	test_data/raw_data_Nova/VT223679_R?.fastq.gz
VT258989	test_data/raw_data_Nova/VT258989_R?.fastq.gz
VT271426	test_data/raw_data_Nova/VT271426_R?.fastq.gz
VT289535	test_data/raw_data_Nova/VT289535_R?.fastq.gz
VT294955	test_data/raw_data_Nova/VT294955_R?.fastq.gz
VT299396	test_data/raw_data_Nova/VT299396_R?.fastq.gz
VT336862	test_data/raw_data_Nova/VT336862_R?.fastq.gz
VT354329	test_data/raw_data_Nova/VT354329_R?.fastq.gz
VT372379	test_data/raw_data_Nova/VT372379_R?.fastq.gz
VT385943	test_data/raw_data_Nova/VT385943_R?.fastq.gz
VT386185	test_data/raw_data_Nova/VT386185_R?.fastq.gz
VT388951	test_data/raw_data_Nova/VT388951_R?.fastq.gz
VT399642	test_data/raw_data_Nova/VT399642_R?.fastq.gz
VT400614	test_data/raw_data_Nova/VT400614_R?.fastq.gz
VT401261	test_data/raw_data_Nova/VT401261_R?.fastq.gz
VT403400	test_data/raw_data_Nova/VT403400_R?.fastq.gz
VT407528	test_data/raw_data_Nova/VT407528_R?.fastq.gz
VT423043	test_data/raw_data_Nova/VT423043_R?.fastq.gz
VT429262	test_data/raw_data_Nova/VT429262_R?.fastq.gz
VT439971	test_data/raw_data_Nova/VT439971_R?.fastq.gz
VT442169	test_data/raw_data_Nova/VT442169_R?.fastq.gz
VT471765	test_data/raw_data_Nova/VT471765_R?.fastq.gz
VT475127	test_data/raw_data_Nova/VT475127_R?.fastq.gz
VT485544	test_data/raw_data_Nova/VT485544_R?.fastq.gz
VT494090	test_data/raw_data_Nova/VT494090_R?.fastq.gz
VT495599	test_data/raw_data_Nova/VT495599_R?.fastq.gz
VT499305	test_data/raw_data_Nova/VT499305_R?.fastq.gz
VT500037	test_data/raw_data_Nova/VT500037_R?.fastq.gz
VT516303	test_data/raw_data_Nova/VT516303_R?.fastq.gz
VT544025	test_data/raw_data_Nova/VT544025_R?.fastq.gz
VT550150	test_data/raw_data_Nova/VT550150_R?.fastq.gz
VT560899	test_data/raw_data_Nova/VT560899_R?.fastq.gz
VT602804	test_data/raw_data_Nova/VT602804_R?.fastq.gz
VT604626	test_data/raw_data_Nova/VT604626_R?.fastq.gz
VT605364	test_data/raw_data_Nova/VT605364_R?.fastq.gz
VT606608	test_data/raw_data_Nova/VT606608_R?.fastq.gz
VT613880	test_data/raw_data_Nova/VT613880_R?.fastq.gz
VT617746	test_data/raw_data_Nova/VT617746_R?.fastq.gz
VT619357	test_data/raw_data_Nova/VT619357_R?.fastq.gz
VT624855	test_data/raw_data_Nova/VT624855_R?.fastq.gz
VT629304	test_data/raw_data_Nova/VT629304_R?.fastq.gz
VT635926	test_data/raw_data_Nova/VT635926_R?.fastq.gz
VT641648	test_data/raw_data_Nova/VT641648_R?.fastq.gz
VT647481	test_data/raw_data_Nova/VT647481_R?.fastq.gz
VT655295	test_data/raw_data_Nova/VT655295_R?.fastq.gz
VT669887	test_data/raw_data_Nova/VT669887_R?.fastq.gz
VT675356	test_data/raw_data_Nova/VT675356_R?.fastq.gz
VT675566	test_data/raw_data_Nova/VT675566_R?.fastq.gz
VT679800	test_data/raw_data_Nova/VT679800_R?.fastq.gz
VT686447	test_data/raw_data_Nova/VT686447_R?.fastq.gz
VT693060	test_data/raw_data_Nova/VT693060_R?.fastq.gz
VT716721	test_data/raw_data_Nova/VT716721_R?.fastq.gz
VT720552	test_data/raw_data_Nova/VT720552_R?.fastq.gz
VT736907	test_data/raw_data_Nova/VT736907_R?.fastq.gz
VT741928	test_data/raw_data_Nova/VT741928_R?.fastq.gz
VT750328	test_data/raw_data_Nova/VT750328_R?.fastq.gz
VT765272	test_data/raw_data_Nova/VT765272_R?.fastq.gz
VT781274	test_data/raw_data_Nova/VT781274_R?.fastq.gz
VT789106	test_data/raw_data_Nova/VT789106_R?.fastq.gz
VT796271	test_data/raw_data_Nova/VT796271_R?.fastq.gz
VT811130	test_data/raw_data_Nova/VT811130_R?.fastq.gz
VT822784	test_data/raw_data_Nova/VT822784_R?.fastq.gz
VT881951	test_data/raw_data_Nova/VT881951_R?.fastq.gz
VT895312	test_data/raw_data_Nova/VT895312_R?.fastq.gz
VT896602	test_data/raw_data_Nova/VT896602_R?.fastq.gz
VT897587	test_data/raw_data_Nova/VT897587_R?.fastq.gz
VT902035	test_data/raw_data_Nova/VT902035_R?.fastq.gz
VT903395	test_data/raw_data_Nova/VT903395_R?.fastq.gz
VT935045	test_data/raw_data_Nova/VT935045_R?.fastq.gz
VT938112	test_data/raw_data_Nova/VT938112_R?.fastq.gz
VT950082	test_data/raw_data_Nova/VT950082_R?.fastq.gz
VT955452	test_data/raw_data_Nova/VT955452_R?.fastq.gz
VT958225	test_data/raw_data_Nova/VT958225_R?.fastq.gz
VT989267	test_data/raw_data_Nova/VT989267_R?.fastq.gz
VT997403	test_data/raw_data_Nova/VT997403_R?.fastq.gz
VT000794	test_data/raw_data_BV64/VT000794_R?.fastq.gz
VT028017	test_data/raw_data_BV64/VT028017_R?.fastq.gz
VT029898	test_data/raw_data_BV64/VT029898_R?.fastq.gz
VT034468	test_data/raw_data_BV64/VT034468_R?.fastq.gz
VT036040	test_data/raw_data_BV64/VT036040_R?.fastq.gz
VT043998	test_data/raw_data_BV64/VT043998_R?.fastq.gz
VT088092	test_data/raw_data_BV64/VT088092_R?.fastq.gz
VT100875	test_data/raw_data_BV64/VT100875_R?.fastq.gz
VT100982	test_data/raw_data_BV64/VT100982_R?.fastq.gz
VT104454	test_data/raw_data_BV64/VT104454_R?.fastq.gz
VT116006	test_data/raw_data_BV64/VT116006_R?.fastq.gz
VT129297	test_data/raw_data_BV64/VT129297_R?.fastq.gz
VT160776	test_data/raw_data_BV64/VT160776_R?.fastq.gz
VT166744	test_data/raw_data_BV64/VT166744_R?.fastq.gz
VT175995	test_data/raw_data_BV64/VT175995_R?.fastq.gz
VT183011	test_data/raw_data_BV64/VT183011_R?.fastq.gz
VT184722	test_data/raw_data_BV64/VT184722_R?.fastq.gz
VT225426	test_data/raw_data_BV64/VT225426_R?.fastq.gz
VT254227	test_data/raw_data_BV64/VT254227_R?.fastq.gz
VT275633	test_data/raw_data_BV64/VT275633_R?.fastq.gz
VT282705	test_data/raw_data_BV64/VT282705_R?.fastq.gz
VT284440	test_data/raw_data_BV64/VT284440_R?.fastq.gz
VT300334	test_data/raw_data_BV64/VT300334_R?.fastq.gz
VT316650	test_data/raw_data_BV64/VT316650_R?.fastq.gz
VT358849	test_data/raw_data_BV64/VT358849_R?.fastq.gz
VT376680	test_data/raw_data_BV64/VT376680_R?.fastq.gz
VT386113	test_data/raw_data_BV64/VT386113_R?.fastq.gz
VT387381	test_data/raw_data_BV64/VT387381_R?.fastq.gz
VT471520	test_data/raw_data_BV64/VT471520_R?.fastq.gz
VT471672	test_data/raw_data_BV64/VT471672_R?.fastq.gz
VT472907	test_data/raw_data_BV64/VT472907_R?.fastq.gz
VT496906	test_data/raw_data_BV64/VT496906_R?.fastq.gz
VT546915	test_data/raw_data_BV64/VT546915_R?.fastq.gz
VT579102	test_data/raw_data_BV64/VT579102_R?.fastq.gz
VT596005	test_data/raw_data_BV64/VT596005_R?.fastq.gz
VT643597	test_data/raw_data_BV64/VT643597_R?.fastq.gz
VT644533	test_data/raw_data_BV64/VT644533_R?.fastq.gz
VT647710	test_data/raw_data_BV64/VT647710_R?.fastq.gz
VT698216	test_data/raw_data_BV64/VT698216_R?.fastq.gz
VT707428	test_data/raw_data_BV64/VT707428_R?.fastq.gz
VT719561	test_data/raw_data_BV64/VT719561_R?.fastq.gz
VT734448	test_data/raw_data_BV64/VT734448_R?.fastq.gz
VT734524	test_data/raw_data_BV64/VT734524_R?.fastq.gz
VT742323	test_data/raw_data_BV64/VT742323_R?.fastq.gz
VT750328	test_data/raw_data_BV64/VT750328_R?.fastq.gz
VT766527	test_data/raw_data_BV64/VT766527_R?.fastq.gz
VT772191	test_data/raw_data_BV64/VT772191_R?.fastq.gz
VT772673	test_data/raw_data_BV64/VT772673_R?.fastq.gz
VT796066	test_data/raw_data_BV64/VT796066_R?.fastq.gz
VT801365	test_data/raw_data_BV64/VT801365_R?.fastq.gz
VT805778	test_data/raw_data_BV64/VT805778_R?.fastq.gz
VT815212	test_data/raw_data_BV64/VT815212_R?.fastq.gz
VT816756	test_data/raw_data_BV64/VT816756_R?.fastq.gz
VT830192	test_data/raw_data_BV64/VT830192_R?.fastq.gz
VT866308	test_data/raw_data_BV64/VT866308_R?.fastq.gz
VT877524	test_data/raw_data_BV64/VT877524_R?.fastq.gz
VT933269	test_data/raw_data_BV64/VT933269_R?.fastq.gz
VT952696	test_data/raw_data_BV64/VT952696_R?.fastq.gz
VT966103	test_data/raw_data_BV64/VT966103_R?.fastq.gz
VT969842	test_data/raw_data_BV64/VT969842_R?.fastq.gz
VT980879	test_data/raw_data_BV64/VT980879_R?.fastq.gz
VT985171	test_data/raw_data_BV64/VT985171_R?.fastq.gz
VT990170	test_data/raw_data_BV64/VT990170_R?.fastq.gz
VT999236	test_data/raw_data_BV64/VT999236_R?.fastq.gz
